timestamp,first_player,winner,is_draw,first_move_position,move_sequence,num_moves,win_method,agent_X,agent_O
2025-05-20T11:32:13.083597,X,X,False,5,5-4-3-2-7-8-6-1-0,9,col_1,RandomAgent,RandomAgent
2025-05-20T11:32:13.093907,O,O,False,1,1-2-5-3-4-8-7,7,col_2,RandomAgent,MinimaxAgent
2025-05-20T11:32:13.094132,X,X,False,1,1-4-2-5-0,5,row_1,RandomAgent,RandomAgent
2025-05-20T11:32:13.106817,X,None,True,4,4-6-7-1-5-3-0-8-2,9,None,MinimaxAgent,MinimaxAgent
2025-05-20T11:32:13.107009,O,O,False,5,5-3-1-6-0-2-4-8-7,9,col_2,RandomAgent,RandomAgent
2025-05-20T11:32:13.117022,X,X,False,4,4-3-7-5-0-8-1,7,col_2,MinimaxAgent,RandomAgent
2025-05-20T11:32:13.117211,O,X,False,2,2-7-4-0-5-3-1-6,8,col_1,RandomAgent,RandomAgent
2025-05-20T11:32:13.117250,O,O,False,4,4-8-6-0-7-2-1,7,col_2,RandomAgent,RandomAgent
2025-05-20T11:32:13.117298,X,O,False,0,0-1-8-5-2-4-3-7,8,col_2,RandomAgent,RandomAgent
2025-05-20T11:32:13.117350,X,X,False,6,6-7-1-3-0-8-5-4-2,9,row_1,RandomAgent,RandomAgent
2025-05-20T11:32:13.130451,X,None,True,3,3-6-4-5-2-7-8-0-1,9,None,MinimaxAgent,MinimaxAgent
2025-05-20T11:32:13.133893,O,None,True,8,8-4-5-2-6-7-1-0-3,9,None,MinimaxAgent,RandomAgent
2025-05-20T11:32:13.133985,X,X,False,0,0-7-3-2-5-8-6,7,col_1,RandomAgent,RandomAgent
2025-05-20T11:32:13.136903,X,O,False,6,6-4-3-0-5-1-7-2,8,row_1,RandomAgent,MinimaxAgent
2025-05-20T11:32:13.136972,X,X,False,5,5-3-6-1-8-4-0-2-7,9,row_3,RandomAgent,RandomAgent
2025-05-20T11:32:13.150751,X,None,True,3,3-4-0-6-2-1-7-8-5,9,None,MinimaxAgent,MinimaxAgent
2025-05-20T11:32:13.154191,O,None,True,7,7-1-0-6-2-5-4-8-3,9,None,MinimaxAgent,RandomAgent
2025-05-20T11:32:13.164950,X,X,False,3,3-1-0-5-6,5,col_1,MinimaxAgent,RandomAgent
2025-05-20T11:32:13.178672,X,None,True,3,3-6-4-5-1-7-8-0-2,9,None,MinimaxAgent,MinimaxAgent
2025-05-20T11:32:13.179017,O,O,False,5,5-4-1-7-0-2-6-8-3,9,col_1,RandomAgent,RandomAgent
2025-05-20T11:32:13.182151,O,X,False,1,1-0-3-7-5-4-2-8,8,diag_main,MinimaxAgent,RandomAgent
2025-05-20T11:32:13.182232,O,O,False,6,6-0-7-4-8,5,row_3,RandomAgent,RandomAgent
2025-05-20T11:32:13.191975,O,O,False,3,3-8-6-7-1-0-4-2-5,9,row_2,RandomAgent,MinimaxAgent
2025-05-20T11:32:13.192194,X,O,False,0,0-7-5-4-8-2-3-1,8,col_2,RandomAgent,RandomAgent
2025-05-20T11:32:13.192919,O,O,False,6,6-0-4-7-1-5-2,7,diag_anti,RandomAgent,RandomAgent
2025-05-20T11:32:13.193119,X,X,False,5,5-3-2-4-0-8-1,7,row_1,RandomAgent,RandomAgent
2025-05-20T11:32:13.196295,O,X,False,4,4-8-2-6-3-7,6,row_3,MinimaxAgent,RandomAgent
2025-05-20T11:32:13.199611,X,None,True,5,5-3-0-2-8-4-6-7-1,9,None,RandomAgent,MinimaxAgent
2025-05-20T11:32:13.212658,O,None,True,7,7-8-4-1-5-3-0-2-6,9,None,MinimaxAgent,MinimaxAgent
2025-05-20T11:32:13.225533,X,None,True,5,5-8-7-4-0-3-6-1-2,9,None,MinimaxAgent,MinimaxAgent
2025-05-20T11:32:13.229876,X,None,True,1,1-2-8-7-4-0-6-3-5,9,None,RandomAgent,MinimaxAgent
2025-05-20T11:32:13.239442,X,X,False,0,0-8-6-4-3,5,col_1,MinimaxAgent,RandomAgent
2025-05-20T11:32:13.250669,O,O,False,8,8-1-2-0-7-3-6,7,row_3,RandomAgent,MinimaxAgent
2025-05-20T11:32:13.262116,O,None,True,5,5-3-1-2-0-4-6-7-8,9,None,RandomAgent,MinimaxAgent
2025-05-20T11:32:13.274517,X,None,True,8,8-4-5-2-6-7-1-3-0,9,None,MinimaxAgent,MinimaxAgent
2025-05-20T11:32:13.275202,X,X,False,2,2-5-4-1-3-8-6,7,diag_anti,RandomAgent,RandomAgent
2025-05-20T11:32:13.286002,X,X,False,2,2-4-5-1-8,5,col_3,MinimaxAgent,RandomAgent
2025-05-20T11:32:13.286195,X,O,False,2,2-5-6-8-3-0-7-4,8,diag_main,RandomAgent,RandomAgent
2025-05-20T11:32:13.300179,O,None,True,7,7-8-2-1-5-6-0-4-3,9,None,MinimaxAgent,MinimaxAgent
2025-05-20T11:32:13.300487,X,X,False,0,0-4-7-1-5-3-8-2-6,9,row_3,RandomAgent,RandomAgent
2025-05-20T11:32:13.313285,X,None,True,4,4-2-6-8-5-3-1-7-0,9,None,MinimaxAgent,MinimaxAgent
2025-05-20T11:32:13.316736,X,O,False,2,2-4-0-1-7-5-8-3,8,row_2,RandomAgent,MinimaxAgent
2025-05-20T11:32:13.319792,X,O,False,6,6-4-7-8-3-0,6,diag_main,RandomAgent,MinimaxAgent
2025-05-20T11:32:13.329862,O,O,False,3,3-6-8-4-2-0-5,7,col_3,RandomAgent,MinimaxAgent
2025-05-20T11:32:13.333192,X,None,True,1,1-2-6-7-3-0-8-5-4,9,None,RandomAgent,MinimaxAgent
2025-05-20T11:32:13.343042,X,X,False,1,1-7-5-3-2-8-0,7,row_1,MinimaxAgent,RandomAgent
2025-05-20T11:32:13.353015,X,X,False,0,0-4-7-8-5-3-2-6-1,9,row_1,MinimaxAgent,RandomAgent
2025-05-20T11:32:13.364800,O,O,False,7,7-8-2-6-1-0-4,7,col_2,RandomAgent,MinimaxAgent
2025-05-20T11:32:13.365009,O,O,False,2,2-3-0-1-4-8-5-7-6,9,diag_anti,RandomAgent,RandomAgent
2025-05-20T11:32:13.378589,O,None,True,4,4-2-0-8-5-3-6-7-1,9,None,MinimaxAgent,MinimaxAgent
2025-05-20T11:32:13.379095,O,O,False,0,0-2-8-4-6-7-3,7,col_1,RandomAgent,RandomAgent
2025-05-20T11:32:13.391998,O,None,True,1,1-7-4-6-8-0-3-5-2,9,None,MinimaxAgent,MinimaxAgent
2025-05-20T11:32:13.405509,O,None,True,4,4-2-8-0-1-7-6-5-3,9,None,MinimaxAgent,MinimaxAgent
2025-05-20T11:32:13.416606,X,X,False,5,5-2-1-7-4-8-3,7,row_2,MinimaxAgent,RandomAgent
2025-05-20T11:32:13.430845,X,None,True,8,8-4-5-2-6-7-1-0-3,9,None,MinimaxAgent,MinimaxAgent
2025-05-20T11:32:13.440696,X,X,False,3,3-8-6-2-0,5,col_1,MinimaxAgent,RandomAgent
2025-05-20T11:32:13.451153,O,O,False,3,3-1-0-2-6,5,col_1,RandomAgent,MinimaxAgent
2025-05-20T11:32:13.464360,O,None,True,0,0-4-3-6-2-1-7-8-5,9,None,MinimaxAgent,MinimaxAgent
2025-05-20T11:32:13.467928,X,O,False,6,6-4-8-7-0-3-1-5,8,row_2,RandomAgent,MinimaxAgent
2025-05-20T11:32:13.468031,X,X,False,6,6-4-2-7-5-3-1-8-0,9,row_1,RandomAgent,RandomAgent
2025-05-20T11:32:13.482222,X,None,True,5,5-3-0-2-1-7-6-4-8,9,None,MinimaxAgent,MinimaxAgent
2025-05-20T11:32:13.482524,X,X,False,1,1-6-3-0-4-5-7,7,col_2,RandomAgent,RandomAgent
2025-05-20T11:32:13.494961,O,O,False,0,0-3-4-5-2-7-1,7,row_1,RandomAgent,MinimaxAgent
2025-05-20T11:32:13.495181,O,None,True,6,6-0-8-4-2-7-3-5-1,9,None,RandomAgent,RandomAgent
2025-05-20T11:32:13.505574,X,X,False,6,6-3-4-5-0-7-2,7,diag_anti,MinimaxAgent,RandomAgent
2025-05-20T11:32:13.515691,O,O,False,2,2-6-0-7-8-5-3-4-1,9,row_1,RandomAgent,MinimaxAgent
2025-05-20T11:32:13.515909,X,X,False,1,1-2-0-7-3-5-8-6-4,9,diag_main,RandomAgent,RandomAgent
2025-05-20T11:32:13.530290,O,None,True,6,6-4-1-0-8-7-5-2-3,9,None,MinimaxAgent,MinimaxAgent
2025-05-20T11:32:13.533583,O,X,False,8,8-4-2-5-6-3,6,row_2,MinimaxAgent,RandomAgent
2025-05-20T11:32:13.536530,O,X,False,8,8-4-5-2-6-7-0-1,8,col_2,MinimaxAgent,RandomAgent
2025-05-20T11:32:13.547805,X,X,False,0,0-5-2-6-4-3-7-1-8,9,diag_main,MinimaxAgent,RandomAgent
2025-05-20T11:32:13.562491,O,None,True,0,0-4-5-8-6-3-2-1-7,9,None,MinimaxAgent,MinimaxAgent
2025-05-20T11:32:13.562800,X,X,False,7,7-1-3-8-6-4-2-5-0,9,col_1,RandomAgent,RandomAgent
2025-05-20T11:32:13.572363,X,X,False,0,0-3-4-6-8,5,diag_main,MinimaxAgent,RandomAgent
2025-05-20T11:32:13.585879,X,None,True,2,2-4-5-8-0-1-7-3-6,9,None,MinimaxAgent,MinimaxAgent
2025-05-20T11:32:13.589067,X,O,False,6,6-4-0-3-8-7-5-1,8,col_2,RandomAgent,MinimaxAgent
2025-05-20T11:32:13.589160,X,X,False,6,6-3-8-1-4-0-7,7,row_3,RandomAgent,RandomAgent
2025-05-20T11:32:13.602377,O,None,True,7,7-1-5-6-4-3-0-8-2,9,None,MinimaxAgent,MinimaxAgent
2025-05-20T11:32:13.613067,X,X,False,1,1-6-0-2-4-7-8,7,diag_main,MinimaxAgent,RandomAgent
2025-05-20T11:32:13.622935,X,X,False,1,1-8-2-3-4-6-0,7,row_1,MinimaxAgent,RandomAgent
2025-05-20T11:32:13.633238,O,O,False,7,7-8-0-4-6-5-3,7,col_1,RandomAgent,MinimaxAgent
2025-05-20T11:32:13.636706,X,None,True,7,7-1-0-8-4-6-5-3-2,9,None,RandomAgent,MinimaxAgent
2025-05-20T11:32:13.636819,O,O,False,7,7-0-3-4-8-2-1-5-6,9,row_3,RandomAgent,RandomAgent
2025-05-20T11:32:13.647688,X,X,False,0,0-5-4-8-2-3-6,7,diag_anti,MinimaxAgent,RandomAgent
2025-05-20T11:32:13.657256,X,X,False,1,1-8-2-4-0,5,row_1,MinimaxAgent,RandomAgent
2025-05-20T11:32:13.670024,O,None,True,4,4-0-5-3-6-2-1-7-8,9,None,MinimaxAgent,MinimaxAgent
2025-05-20T11:32:13.682953,X,None,True,7,7-1-0-8-4-3-2-6-5,9,None,MinimaxAgent,MinimaxAgent
2025-05-20T11:32:13.693156,X,X,False,7,7-2-8-3-0-1-5-4-6,9,row_3,MinimaxAgent,RandomAgent
2025-05-20T11:32:13.693385,X,X,False,6,6-3-8-2-0-1-7,7,row_3,RandomAgent,RandomAgent
2025-05-20T11:32:13.705763,X,None,True,3,3-6-8-4-2-5-7-0-1,9,None,MinimaxAgent,MinimaxAgent
2025-05-20T11:32:13.717054,X,X,False,0,0-2-3-8-6,5,col_1,MinimaxAgent,RandomAgent
2025-05-20T11:32:13.733410,X,None,True,6,6-4-3-0-8-7-1-2-5,9,None,MinimaxAgent,MinimaxAgent
2025-05-20T11:32:13.743345,O,O,False,1,1-6-0-2-4-3-8,7,diag_main,RandomAgent,MinimaxAgent
2025-05-20T11:32:13.756729,X,None,True,8,8-4-0-7-1-2-6-3-5,9,None,MinimaxAgent,MinimaxAgent
2025-05-20T11:32:13.756951,O,None,True,3,3-6-7-0-1-5-2-4-8,9,None,RandomAgent,RandomAgent
2025-05-20T11:32:13.766674,O,O,False,4,4-7-8-1-6-2-0,7,diag_main,RandomAgent,MinimaxAgent
2025-05-20T11:32:13.766852,O,X,False,6,6-4-3-0-7-5-2-8,8,diag_main,RandomAgent,RandomAgent
2025-05-20T11:32:13.766884,O,O,False,5,5-4-1-8-2-7-0,7,row_1,RandomAgent,RandomAgent
2025-05-20T11:32:13.776836,X,X,False,7,7-2-8-1-6,5,row_3,MinimaxAgent,RandomAgent
2025-05-20T11:32:13.786421,O,O,False,1,1-7-3-8-6-2-5-0-4,9,row_2,RandomAgent,MinimaxAgent
2025-05-20T11:32:13.786573,X,X,False,5,5-8-6-7-4-3-1-0-2,9,diag_anti,RandomAgent,RandomAgent
2025-05-20T11:32:13.796846,O,O,False,1,1-0-4-5-6-7-2,7,diag_anti,RandomAgent,MinimaxAgent
2025-05-20T11:32:13.806533,X,X,False,5,5-0-2-3-6-7-4,7,diag_anti,MinimaxAgent,RandomAgent
2025-05-20T11:32:13.810665,X,O,False,8,8-4-2-5-1-3,6,row_2,RandomAgent,MinimaxAgent
2025-05-20T11:32:13.813872,X,None,True,7,7-1-0-8-4-3-6-2-5,9,None,RandomAgent,MinimaxAgent
2025-05-20T11:32:13.839557,O,None,True,3,3-5-1-6-2-0-4-7-8,9,None,MinimaxAgent,MinimaxAgent
2025-05-20T11:32:13.847316,O,X,False,3,3-6-1-8-4-7,6,row_3,MinimaxAgent,RandomAgent
2025-05-20T11:32:13.852942,X,None,True,5,5-3-6-8-4-2-1-7-0,9,None,RandomAgent,MinimaxAgent
2025-05-20T11:32:13.866778,X,X,False,4,4-2-7-1-0-5-8,7,diag_main,MinimaxAgent,RandomAgent
2025-05-20T11:32:13.871388,X,O,False,5,5-3-2-8-4-6-1-7,8,row_3,RandomAgent,MinimaxAgent
2025-05-20T11:32:13.884597,X,None,True,2,2-4-0-1-7-5-3-6-8,9,None,MinimaxAgent,MinimaxAgent
2025-05-20T11:32:13.894839,O,O,False,6,6-2-0-1-3,5,col_1,RandomAgent,MinimaxAgent
2025-05-20T11:32:13.907451,O,None,True,6,6-4-5-8-0-3-7-2-1,9,None,MinimaxAgent,MinimaxAgent
2025-05-20T11:32:13.920490,X,None,True,2,2-4-5-8-0-1-7-6-3,9,None,MinimaxAgent,MinimaxAgent
2025-05-20T11:32:13.930824,O,O,False,1,1-0-3-5-4-6-7,7,col_2,RandomAgent,MinimaxAgent
2025-05-20T11:32:13.940547,O,O,False,7,7-2-8-5-3-0-1-4-6,9,row_3,RandomAgent,MinimaxAgent
2025-05-20T11:32:13.940721,O,O,False,8,8-2-4-3-0,5,diag_main,RandomAgent,RandomAgent
2025-05-20T11:32:13.950743,O,O,False,0,0-7-6-1-3,5,col_1,RandomAgent,MinimaxAgent
2025-05-20T11:32:13.950958,X,X,False,8,8-7-6-2-1-5-4-3-0,9,diag_main,RandomAgent,RandomAgent
2025-05-20T11:32:13.961052,X,X,False,3,3-1-0-6-4-5-8,7,diag_main,MinimaxAgent,RandomAgent
2025-05-20T11:32:13.961353,O,X,False,6,6-3-1-4-2-7-8-5,8,row_2,RandomAgent,RandomAgent
2025-05-20T11:32:13.971127,X,X,False,5,5-1-2-7-4-0-6,7,diag_anti,MinimaxAgent,RandomAgent
2025-05-20T11:32:13.971291,X,O,False,6,6-5-0-3-4-8-1-2,8,col_3,RandomAgent,RandomAgent
2025-05-20T11:32:13.974286,O,None,True,3,3-0-1-7-8-4-5-2-6,9,None,MinimaxAgent,RandomAgent
2025-05-20T11:32:13.984212,O,O,False,8,8-5-6-1-2-7-4,7,diag_anti,RandomAgent,MinimaxAgent
2025-05-20T11:32:13.987559,X,O,False,0,0-4-7-5-6-3,6,row_2,RandomAgent,MinimaxAgent
2025-05-20T11:32:14.001172,O,None,True,2,2-4-3-0-8-5-6-7-1,9,None,MinimaxAgent,MinimaxAgent
2025-05-20T11:32:14.001484,O,O,False,4,4-5-8-6-3-7-1-2-0,9,diag_main,RandomAgent,RandomAgent
2025-05-20T11:32:14.004510,O,X,False,6,6-4-1-3-0-5,6,row_2,MinimaxAgent,RandomAgent
2025-05-20T11:32:14.008143,O,None,True,3,3-0-2-5-1-6-7-4-8,9,None,MinimaxAgent,RandomAgent
2025-05-20T11:32:14.017790,X,X,False,7,7-8-5-6-4-2-1,7,col_2,MinimaxAgent,RandomAgent
2025-05-20T11:32:14.032760,X,None,True,6,6-4-2-5-3-0-8-7-1,9,None,MinimaxAgent,MinimaxAgent
2025-05-20T11:32:14.036074,X,None,True,3,3-0-1-7-4-5-6-2-8,9,None,RandomAgent,MinimaxAgent
2025-05-20T11:32:14.039026,X,O,False,6,6-4-8-7-3-1,6,col_2,RandomAgent,MinimaxAgent
2025-05-20T11:32:14.050569,O,O,False,4,4-3-2-8-1-6-7,7,col_2,RandomAgent,MinimaxAgent
2025-05-20T11:32:14.050803,O,O,False,5,5-8-1-7-3-4-0-2-6,9,col_1,RandomAgent,RandomAgent
2025-05-20T11:32:14.050876,O,O,False,0,0-2-6-4-7-8-5-1-3,9,col_1,RandomAgent,RandomAgent
2025-05-20T11:32:14.066378,O,None,True,5,5-3-1-2-4-7-0-8-6,9,None,MinimaxAgent,MinimaxAgent
2025-05-20T11:32:14.066666,O,X,False,1,1-3-8-7-0-4-6-5,8,row_2,RandomAgent,RandomAgent
2025-05-20T11:32:14.079794,X,None,True,5,5-4-8-2-6-7-1-0-3,9,None,MinimaxAgent,MinimaxAgent
2025-05-20T11:32:14.092787,X,None,True,2,2-4-3-6-7-1-5-8-0,9,None,MinimaxAgent,MinimaxAgent
2025-05-20T11:32:14.093062,O,X,False,5,5-0-3-2-7-1,6,row_1,RandomAgent,RandomAgent
2025-05-20T11:32:14.093129,O,X,False,0,0-7-6-1-5-4,6,col_2,RandomAgent,RandomAgent
2025-05-20T11:32:14.093181,X,O,False,3,3-2-7-0-6-5-4-1,8,row_1,RandomAgent,RandomAgent
2025-05-20T11:32:14.105511,X,None,True,2,2-4-5-8-0-1-7-6-3,9,None,MinimaxAgent,MinimaxAgent
2025-05-20T11:32:14.105714,X,O,False,6,6-8-1-0-3-5-4-2,8,col_3,RandomAgent,RandomAgent
2025-05-20T11:32:14.105748,X,X,False,5,5-0-4-8-1-7-3,7,row_2,RandomAgent,RandomAgent
2025-05-20T11:32:14.118468,X,None,True,3,3-0-4-5-8-1-2-6-7,9,None,MinimaxAgent,MinimaxAgent
2025-05-20T11:32:14.121960,X,O,False,8,8-4-2-5-0-1-3-7,8,col_2,RandomAgent,MinimaxAgent
2025-05-20T11:32:14.131813,X,X,False,4,4-0-6-2-1-3-7,7,col_2,MinimaxAgent,RandomAgent
2025-05-20T11:32:14.143177,O,O,False,1,1-3-0-7-8-2-4,7,diag_main,RandomAgent,MinimaxAgent
2025-05-20T11:32:14.155728,O,None,True,0,0-4-1-2-6-3-5-7-8,9,None,MinimaxAgent,MinimaxAgent
2025-05-20T11:32:14.167171,O,O,False,0,0-6-2-7-8-4-1,7,row_1,RandomAgent,MinimaxAgent
2025-05-20T11:32:14.177929,O,O,False,7,7-8-2-6-1-0-4,7,col_2,RandomAgent,MinimaxAgent
2025-05-20T11:32:14.191035,X,None,True,0,0-4-8-3-5-2-6-7-1,9,None,MinimaxAgent,MinimaxAgent
2025-05-20T11:32:14.194826,X,O,False,7,7-4-6-8-2-5-0-3,8,row_2,RandomAgent,MinimaxAgent
2025-05-20T11:32:14.207366,X,None,True,1,1-0-8-4-3-5-6-7-2,9,None,MinimaxAgent,MinimaxAgent
2025-05-20T11:32:14.207638,O,O,False,7,7-6-8-5-1-2-0-3-4,9,col_2,RandomAgent,RandomAgent
2025-05-20T11:32:14.207735,O,X,False,1,1-8-2-6-3-4-5-0,8,diag_main,RandomAgent,RandomAgent
2025-05-20T11:32:14.211889,O,X,False,1,1-7-4-8-3-5-0-2,8,col_3,MinimaxAgent,RandomAgent
2025-05-20T11:32:14.224651,X,None,True,7,7-1-6-8-0-3-2-4-5,9,None,MinimaxAgent,MinimaxAgent
2025-05-20T11:32:14.238299,X,None,True,7,7-8-0-4-5-2-6-3-1,9,None,MinimaxAgent,MinimaxAgent
2025-05-20T11:32:14.252170,X,None,True,4,4-0-1-7-3-5-2-6-8,9,None,MinimaxAgent,MinimaxAgent
2025-05-20T11:32:14.265190,X,None,True,4,4-2-3-5-8-0-1-7-6,9,None,MinimaxAgent,MinimaxAgent
2025-05-20T11:32:14.279436,X,None,True,5,5-4-0-2-6-3-7-8-1,9,None,MinimaxAgent,MinimaxAgent
2025-05-20T11:32:14.289185,O,O,False,6,6-4-0-5-3,5,col_1,RandomAgent,MinimaxAgent
2025-05-20T11:32:14.293614,O,X,False,6,6-4-1-0-5-8,6,diag_main,MinimaxAgent,RandomAgent
2025-05-20T11:32:14.306554,X,None,True,0,0-4-2-1-7-6-3-5-8,9,None,MinimaxAgent,MinimaxAgent
2025-05-20T11:32:14.317408,X,X,False,3,3-8-6-7-5-4-0,7,col_1,MinimaxAgent,RandomAgent
2025-05-20T11:32:14.331576,X,None,True,6,6-4-1-2-0-3-5-8-7,9,None,MinimaxAgent,MinimaxAgent
2025-05-20T11:32:14.331870,X,None,True,7,7-3-2-6-4-8-5-1-0,9,None,RandomAgent,RandomAgent
2025-05-20T11:32:14.345896,X,None,True,8,8-4-6-7-1-5-3-0-2,9,None,MinimaxAgent,MinimaxAgent
2025-05-20T11:32:14.349324,O,None,True,2,2-4-7-6-0-1-3-8-5,9,None,MinimaxAgent,RandomAgent
2025-05-20T11:32:14.360441,O,O,False,6,6-3-8-1-5-4-7,7,row_3,RandomAgent,MinimaxAgent
2025-05-20T11:32:14.373702,O,None,True,1,1-2-5-7-8-4-6-3-0,9,None,MinimaxAgent,MinimaxAgent
2025-05-20T11:32:14.383676,O,O,False,4,4-6-2-5-0-3-1,7,row_1,RandomAgent,MinimaxAgent
2025-05-20T11:32:14.396870,X,None,True,0,0-4-6-3-5-8-1-2-7,9,None,MinimaxAgent,MinimaxAgent
2025-05-20T11:32:14.410123,O,None,True,1,1-0-8-7-5-2-4-3-6,9,None,MinimaxAgent,MinimaxAgent
2025-05-20T11:32:14.410369,X,X,False,6,6-7-8-5-4-0-2,7,diag_anti,RandomAgent,RandomAgent
2025-05-20T11:32:14.423528,O,None,True,5,5-4-1-8-0-2-6-3-7,9,None,MinimaxAgent,MinimaxAgent
2025-05-20T11:32:14.423754,O,X,False,0,0-4-3-6-1-2,6,diag_anti,RandomAgent,RandomAgent
2025-05-20T11:32:14.434409,O,O,False,5,5-6-8-1-3-4-2,7,col_3,RandomAgent,MinimaxAgent
2025-05-20T11:32:14.434646,O,O,False,4,4-8-3-0-2-7-6,7,diag_anti,RandomAgent,RandomAgent
2025-05-20T11:32:14.447766,X,None,True,5,5-4-6-7-1-2-8-3-0,9,None,MinimaxAgent,MinimaxAgent
2025-05-20T11:32:14.462621,O,None,True,1,1-4-8-3-5-2-6-7-0,9,None,MinimaxAgent,MinimaxAgent
2025-05-20T11:32:14.466070,O,X,False,3,3-6-4-5-1-7-2-8,8,row_3,MinimaxAgent,RandomAgent
2025-05-20T11:32:14.476227,X,X,False,3,3-6-7-8-4-1-5,7,row_2,MinimaxAgent,RandomAgent
2025-05-20T11:32:14.489334,X,None,True,1,1-2-6-4-8-7-3-0-5,9,None,MinimaxAgent,MinimaxAgent
2025-05-20T11:32:14.489582,X,O,False,2,2-0-3-7-5-8-6-4,8,diag_main,RandomAgent,RandomAgent
2025-05-20T11:32:14.504685,X,None,True,8,8-4-5-2-6-7-1-0-3,9,None,MinimaxAgent,MinimaxAgent
2025-05-20T11:32:14.504956,X,O,False,3,3-5-0-6-7-8-1-2,8,col_3,RandomAgent,RandomAgent
2025-05-20T11:32:14.518371,O,None,True,3,3-0-8-5-6-7-4-2-1,9,None,MinimaxAgent,MinimaxAgent
2025-05-20T11:32:14.518618,X,None,True,2,2-3-6-4-0-8-7-1-5,9,None,RandomAgent,RandomAgent
2025-05-20T11:32:14.521884,X,O,False,5,5-2-7-0-4-1,6,row_1,RandomAgent,MinimaxAgent
2025-05-20T11:32:14.533039,O,O,False,2,2-4-1-8-0,5,row_1,RandomAgent,MinimaxAgent
2025-05-20T11:32:14.533258,O,O,False,4,4-5-1-8-0-3-2,7,row_1,RandomAgent,RandomAgent
2025-05-20T11:32:14.536394,X,O,False,1,1-2-0-8-4-5,6,col_3,RandomAgent,MinimaxAgent
2025-05-20T11:32:14.548450,O,O,False,5,5-1-4-7-3,5,row_2,RandomAgent,MinimaxAgent
2025-05-20T11:32:14.548735,X,X,False,5,5-7-4-3-0-1-6-2-8,9,diag_main,RandomAgent,RandomAgent
2025-05-20T11:32:14.548863,O,O,False,6,6-4-8-1-2-0-3-5-7,9,row_3,RandomAgent,RandomAgent
2025-05-20T11:32:14.552126,O,X,False,8,8-4-5-2-3-6,6,diag_anti,MinimaxAgent,RandomAgent
2025-05-20T11:32:14.552248,X,X,False,7,7-5-4-2-6-1-0-3-8,9,row_3,RandomAgent,RandomAgent
2025-05-20T11:32:14.566702,X,None,True,0,0-4-5-7-1-2-6-3-8,9,None,MinimaxAgent,MinimaxAgent
2025-05-20T11:32:14.580025,X,None,True,3,3-6-4-5-8-0-2-7-1,9,None,MinimaxAgent,MinimaxAgent
2025-05-20T11:32:14.583653,O,X,False,1,1-7-2-0-4-6-5-3,8,col_1,MinimaxAgent,RandomAgent
2025-05-20T11:32:14.586811,X,O,False,7,7-6-0-4-8-5-2-3,8,row_2,RandomAgent,MinimaxAgent
2025-05-20T11:32:14.599836,O,None,True,5,5-3-8-2-6-7-0-4-1,9,None,MinimaxAgent,MinimaxAgent
2025-05-20T11:32:14.603229,X,None,True,7,7-1-6-8-0-3-2-4-5,9,None,RandomAgent,MinimaxAgent
2025-05-20T11:32:14.606323,O,X,False,1,1-4-7-6-5-8-2-0,8,diag_main,MinimaxAgent,RandomAgent
2025-05-20T11:32:14.606395,O,O,False,3,3-4-5-2-1-7-6-8-0,9,col_1,RandomAgent,RandomAgent
2025-05-20T11:32:14.606423,X,X,False,0,0-3-8-5-4,5,diag_main,RandomAgent,RandomAgent
2025-05-20T11:32:14.621304,X,None,True,3,3-4-7-0-8-6-2-5-1,9,None,MinimaxAgent,MinimaxAgent
2025-05-20T11:32:14.634312,X,None,True,4,4-6-7-1-5-3-0-8-2,9,None,MinimaxAgent,MinimaxAgent
2025-05-20T11:32:14.647904,X,None,True,5,5-3-2-8-0-1-7-4-6,9,None,MinimaxAgent,MinimaxAgent
2025-05-20T11:32:14.661862,X,None,True,0,0-4-2-1-7-5-3-6-8,9,None,MinimaxAgent,MinimaxAgent
2025-05-20T11:32:14.665088,X,O,False,2,2-4-0-1-6-7,6,col_2,RandomAgent,MinimaxAgent
2025-05-20T11:32:14.675339,O,O,False,0,0-6-1-5-4-2-8,7,diag_main,RandomAgent,MinimaxAgent
2025-05-20T11:32:14.688620,O,None,True,3,3-5-2-6-1-0-8-4-7,9,None,MinimaxAgent,MinimaxAgent
2025-05-20T11:32:14.688853,X,O,False,7,7-4-0-5-2-3,6,row_2,RandomAgent,RandomAgent
2025-05-20T11:32:14.702364,O,None,True,6,6-4-1-0-8-7-5-2-3,9,None,MinimaxAgent,MinimaxAgent
2025-05-20T11:32:14.705776,O,None,True,4,4-6-3-5-8-0-1-7-2,9,None,MinimaxAgent,RandomAgent
2025-05-20T11:32:14.705889,O,X,False,4,4-7-8-2-6-1-5-0,8,row_1,RandomAgent,RandomAgent
2025-05-20T11:32:14.709952,X,O,False,3,3-5-7-0-2-4-6-8,8,diag_main,RandomAgent,MinimaxAgent
2025-05-20T11:32:14.722544,X,None,True,4,4-6-8-0-3-5-1-7-2,9,None,MinimaxAgent,MinimaxAgent
2025-05-20T11:32:14.726932,X,O,False,3,3-0-2-5-6-4-7-8,8,diag_main,RandomAgent,MinimaxAgent
2025-05-20T11:32:14.730303,O,X,False,2,2-4-6-3-0-1-7-5,8,row_2,MinimaxAgent,RandomAgent
2025-05-20T11:32:14.733410,X,O,False,4,4-2-1-7-3-5-6-8,8,col_3,RandomAgent,MinimaxAgent
2025-05-20T11:32:14.746502,O,None,True,8,8-4-3-1-7-6-2-5-0,9,None,MinimaxAgent,MinimaxAgent
2025-05-20T11:32:14.749920,O,X,False,6,6-4-7-8-5-0,6,diag_main,MinimaxAgent,RandomAgent
2025-05-20T11:32:14.753017,X,None,True,3,3-0-2-4-8-5-1-6-7,9,None,RandomAgent,MinimaxAgent
2025-05-20T11:32:14.767124,X,None,True,6,6-4-3-0-8-7-1-2-5,9,None,MinimaxAgent,MinimaxAgent
2025-05-20T11:32:14.770488,O,X,False,4,4-2-8-0-7-1,6,row_1,MinimaxAgent,RandomAgent
2025-05-20T11:32:14.770592,X,O,False,4,4-8-0-1-3-2-7-5,8,col_3,RandomAgent,RandomAgent
2025-05-20T11:32:14.770647,O,O,False,1,1-0-8-2-4-3-6-5-7,9,row_3,RandomAgent,RandomAgent
2025-05-20T11:32:14.773626,X,O,False,2,2-4-5-8-6-0,6,diag_main,RandomAgent,MinimaxAgent
2025-05-20T11:32:14.783460,X,X,False,7,7-2-8-6-4-0-1,7,col_2,MinimaxAgent,RandomAgent
2025-05-20T11:32:14.783647,X,O,False,8,8-3-0-4-7-6-2-5,8,row_2,RandomAgent,RandomAgent
2025-05-20T11:32:14.783708,X,None,True,3,3-5-0-6-4-1-2-8-7,9,None,RandomAgent,RandomAgent
2025-05-20T11:32:14.797066,X,None,True,7,7-4-0-3-5-2-6-8-1,9,None,MinimaxAgent,MinimaxAgent
2025-05-20T11:32:14.807226,O,O,False,0,0-7-2-8-1,5,row_1,RandomAgent,MinimaxAgent
2025-05-20T11:32:14.817485,X,X,False,0,0-2-3-5-8-6-4,7,diag_main,MinimaxAgent,RandomAgent
2025-05-20T11:32:14.831407,O,None,True,4,4-8-6-2-5-3-1-7-0,9,None,MinimaxAgent,MinimaxAgent
2025-05-20T11:32:14.845383,O,None,True,5,5-2-1-4-6-8-0-3-7,9,None,MinimaxAgent,MinimaxAgent
2025-05-20T11:32:14.855273,X,X,False,4,4-8-6-1-2,5,diag_anti,MinimaxAgent,RandomAgent
2025-05-20T11:32:14.866269,O,O,False,0,0-7-4-6-8,5,diag_main,RandomAgent,MinimaxAgent
2025-05-20T11:32:14.866479,X,X,False,2,2-8-1-5-0,5,row_1,RandomAgent,RandomAgent
2025-05-20T11:32:14.866542,O,X,False,6,6-0-3-5-4-2-8-1,8,row_1,RandomAgent,RandomAgent
2025-05-20T11:32:14.877066,O,O,False,1,1-0-4-6-3-7-5,7,row_2,RandomAgent,MinimaxAgent
2025-05-20T11:32:14.877500,X,None,True,0,0-5-4-1-7-8-3-6-2,9,None,RandomAgent,RandomAgent
2025-05-20T11:32:14.877566,O,X,False,7,7-2-5-6-3-4,6,diag_anti,RandomAgent,RandomAgent
2025-05-20T11:32:14.880810,O,X,False,1,1-4-6-5-3-0-2-8,8,diag_main,MinimaxAgent,RandomAgent
2025-05-20T11:32:14.890554,X,X,False,5,5-4-8-2-6-3-7,7,row_3,MinimaxAgent,RandomAgent
2025-05-20T11:32:14.890706,X,X,False,3,3-2-8-4-0-7-6,7,col_1,RandomAgent,RandomAgent
2025-05-20T11:32:14.890765,O,O,False,2,2-7-8-5-1-4-0,7,row_1,RandomAgent,RandomAgent
2025-05-20T11:32:14.900767,X,X,False,7,7-0-6-2-8,5,row_3,MinimaxAgent,RandomAgent
2025-05-20T11:32:14.904248,X,O,False,2,2-4-3-7-5-1,6,col_2,RandomAgent,MinimaxAgent
2025-05-20T11:32:14.914639,X,X,False,7,7-6-4-2-3-0-1,7,col_2,MinimaxAgent,RandomAgent
2025-05-20T11:32:14.914834,O,X,False,3,3-5-4-2-0-8,6,col_3,RandomAgent,RandomAgent
2025-05-20T11:32:14.924640,X,X,False,1,1-8-2-4-0,5,row_1,MinimaxAgent,RandomAgent
2025-05-20T11:32:14.924802,X,O,False,3,3-0-5-4-7-8,6,diag_main,RandomAgent,RandomAgent
2025-05-20T11:32:14.937288,X,None,True,4,4-8-7-1-5-3-2-6-0,9,None,MinimaxAgent,MinimaxAgent
2025-05-20T11:32:14.937498,O,O,False,3,3-8-0-1-7-2-5-6-4,9,row_2,RandomAgent,RandomAgent
2025-05-20T11:32:14.948145,X,X,False,1,1-4-2-7-0,5,row_1,MinimaxAgent,RandomAgent
2025-05-20T11:32:14.951391,O,X,False,7,7-6-8-0-5-3,6,col_1,MinimaxAgent,RandomAgent
2025-05-20T11:32:14.963040,O,O,False,2,2-5-0-4-3-8-6,7,col_1,RandomAgent,MinimaxAgent
2025-05-20T11:32:14.963287,X,None,True,8,8-0-3-6-4-5-2-1-7,9,None,RandomAgent,RandomAgent
2025-05-20T11:32:14.963352,X,O,False,3,3-0-1-5-7-8-2-4,8,diag_main,RandomAgent,RandomAgent
2025-05-20T11:32:14.966346,O,X,False,8,8-4-2-5-1-3,6,row_2,MinimaxAgent,RandomAgent
2025-05-20T11:32:14.969425,O,X,False,3,3-4-5-2-8-1-7-6,8,diag_anti,MinimaxAgent,RandomAgent
2025-05-20T11:32:14.972773,O,X,False,6,6-4-0-3-7-5,6,row_2,MinimaxAgent,RandomAgent
2025-05-20T11:32:14.977157,X,O,False,8,8-4-6-7-5-1,6,col_2,RandomAgent,MinimaxAgent
2025-05-20T11:32:14.980608,O,X,False,4,4-0-5-3-7-6,6,col_1,MinimaxAgent,RandomAgent
2025-05-20T11:32:14.994413,O,None,True,7,7-4-8-6-2-5-3-1-0,9,None,MinimaxAgent,MinimaxAgent
2025-05-20T11:32:14.994792,X,O,False,6,6-1-3-2-8-7-5-4,8,col_2,RandomAgent,RandomAgent
2025-05-20T11:32:14.997809,O,X,False,4,4-2-6-8-3-5,6,col_3,MinimaxAgent,RandomAgent
2025-05-20T11:32:14.997911,O,O,False,4,4-1-5-8-0-3-6-7-2,9,diag_anti,RandomAgent,RandomAgent
2025-05-20T11:32:15.012014,X,None,True,5,5-8-0-3-1-2-4-7-6,9,None,MinimaxAgent,MinimaxAgent
2025-05-20T11:32:15.021612,X,X,False,8,8-7-2-1-5,5,col_3,MinimaxAgent,RandomAgent
2025-05-20T11:32:15.024880,X,None,True,8,8-4-1-5-3-0-6-7-2,9,None,RandomAgent,MinimaxAgent
2025-05-20T11:32:15.024998,X,O,False,3,3-0-7-8-2-6-5-4,8,diag_main,RandomAgent,RandomAgent
2025-05-20T11:32:15.025039,O,O,False,0,0-5-3-2-7-6-4-1-8,9,diag_main,RandomAgent,RandomAgent
2025-05-20T11:32:15.038612,X,None,True,3,3-6-2-4-8-5-7-0-1,9,None,MinimaxAgent,MinimaxAgent
2025-05-20T11:32:15.052497,X,None,True,8,8-4-7-6-2-5-3-0-1,9,None,MinimaxAgent,MinimaxAgent
2025-05-20T11:32:15.052770,O,None,True,0,0-1-5-8-7-2-4-3-6,9,None,RandomAgent,RandomAgent
2025-05-20T11:32:15.052834,O,X,False,8,8-5-1-3-7-4,6,row_2,RandomAgent,RandomAgent
2025-05-20T11:32:15.063579,X,X,False,4,4-7-3-1-0-6-5,7,row_2,MinimaxAgent,RandomAgent
2025-05-20T11:32:15.076579,O,None,True,3,3-4-7-0-8-6-2-5-1,9,None,MinimaxAgent,MinimaxAgent
2025-05-20T11:32:15.079863,X,O,False,4,4-6-1-7-2-0-3-8,8,row_3,RandomAgent,MinimaxAgent
2025-05-20T11:32:15.089788,X,X,False,8,8-2-6-7-0-4-3,7,col_1,MinimaxAgent,RandomAgent
2025-05-20T11:32:15.089987,O,X,False,2,2-4-6-8-3-1-5-0,8,diag_main,RandomAgent,RandomAgent
2025-05-20T11:32:15.093204,X,O,False,1,1-7-2-0-3-8-4-6,8,row_3,RandomAgent,MinimaxAgent
2025-05-20T11:32:15.096167,O,X,False,4,4-2-0-8-3-5,6,col_3,MinimaxAgent,RandomAgent
2025-05-20T11:32:15.106759,O,O,False,5,5-7-8-1-4-2-0,7,diag_main,RandomAgent,MinimaxAgent
2025-05-20T11:32:15.117118,X,X,False,8,8-1-2-3-7-0-6,7,row_3,MinimaxAgent,RandomAgent
2025-05-20T11:32:15.130590,X,None,True,5,5-2-0-4-6-3-1-8-7,9,None,MinimaxAgent,MinimaxAgent
2025-05-20T11:32:15.143786,X,None,True,3,3-5-6-0-2-4-8-7-1,9,None,MinimaxAgent,MinimaxAgent
2025-05-20T11:32:15.144025,X,X,False,5,5-7-8-0-1-2-3-6-4,9,row_2,RandomAgent,RandomAgent
2025-05-20T11:32:15.144089,O,None,True,3,3-7-1-4-8-5-2-0-6,9,None,RandomAgent,RandomAgent
2025-05-20T11:32:15.157082,X,None,True,1,1-4-2-0-8-5-3-7-6,9,None,MinimaxAgent,MinimaxAgent
2025-05-20T11:32:15.170321,X,None,True,4,4-8-1-7-6-2-5-3-0,9,None,MinimaxAgent,MinimaxAgent
2025-05-20T11:32:15.170544,X,X,False,2,2-3-6-1-7-8-4,7,diag_anti,RandomAgent,RandomAgent
2025-05-20T11:32:15.173682,X,O,False,8,8-4-3-6-0-7-2-1,8,col_2,RandomAgent,MinimaxAgent
2025-05-20T11:32:15.184524,X,X,False,3,3-4-2-0-8-6-5,7,col_3,MinimaxAgent,RandomAgent
2025-05-20T11:32:15.188155,X,O,False,2,2-4-0-1-6-7,6,col_2,RandomAgent,MinimaxAgent
2025-05-20T11:32:15.188257,X,X,False,8,8-7-5-0-3-6-4,7,row_2,RandomAgent,RandomAgent
2025-05-20T11:32:15.201623,O,None,True,7,7-6-3-4-2-1-8-5-0,9,None,MinimaxAgent,MinimaxAgent
2025-05-20T11:32:15.212786,X,X,False,3,3-5-8-1-6-0-7,7,row_3,MinimaxAgent,RandomAgent
2025-05-20T11:32:15.226929,O,None,True,1,1-7-8-2-4-0-6-5-3,9,None,MinimaxAgent,MinimaxAgent
2025-05-20T11:32:15.236943,X,X,False,5,5-4-0-3-2-8-1,7,row_1,MinimaxAgent,RandomAgent
2025-05-20T11:32:15.251278,X,None,True,5,5-8-6-4-0-3-7-2-1,9,None,MinimaxAgent,MinimaxAgent
2025-05-20T11:32:15.264556,X,None,True,5,5-3-6-8-0-1-2-4-7,9,None,MinimaxAgent,MinimaxAgent
2025-05-20T11:32:15.270383,O,None,True,7,7-1-0-8-5-6-3-4-2,9,None,MinimaxAgent,RandomAgent
2025-05-20T11:32:15.283540,O,None,True,1,1-4-6-2-0-3-5-8-7,9,None,MinimaxAgent,MinimaxAgent
2025-05-20T11:32:15.296643,X,None,True,5,5-8-7-4-0-1-3-6-2,9,None,MinimaxAgent,MinimaxAgent
2025-05-20T11:32:15.309917,X,None,True,0,0-4-3-6-2-1-7-5-8,9,None,MinimaxAgent,MinimaxAgent
2025-05-20T11:32:15.322730,O,None,True,3,3-4-7-8-0-6-2-1-5,9,None,MinimaxAgent,MinimaxAgent
2025-05-20T11:32:15.333249,O,O,False,0,0-2-6-1-8-7-3,7,col_1,RandomAgent,MinimaxAgent
2025-05-20T11:32:15.336411,X,O,False,6,6-4-8-7-2-5-0-1,8,col_2,RandomAgent,MinimaxAgent
2025-05-20T11:32:15.336492,X,X,False,1,1-8-4-2-5-0-3,7,row_2,RandomAgent,RandomAgent
2025-05-20T11:32:15.339434,X,O,False,8,8-4-5-2-7-6,6,diag_anti,RandomAgent,MinimaxAgent
2025-05-20T11:32:15.353109,X,None,True,0,0-4-5-7-1-2-6-3-8,9,None,MinimaxAgent,MinimaxAgent
2025-05-20T11:32:15.353360,X,X,False,8,8-5-1-3-0-2-6-7-4,9,diag_main,RandomAgent,RandomAgent
2025-05-20T11:32:15.364315,X,X,False,2,2-7-8-4-1-3-0,7,row_1,MinimaxAgent,RandomAgent
2025-05-20T11:32:15.378567,X,None,True,0,0-4-3-6-2-1-7-8-5,9,None,MinimaxAgent,MinimaxAgent
2025-05-20T11:32:15.388473,X,X,False,1,1-3-4-6-0-5-2,7,row_1,MinimaxAgent,RandomAgent
2025-05-20T11:32:15.388651,X,X,False,0,0-2-8-6-4,5,diag_main,RandomAgent,RandomAgent
2025-05-20T11:32:15.399084,X,X,False,3,3-5-1-4-0-8-2,7,row_1,MinimaxAgent,RandomAgent
2025-05-20T11:32:15.399300,O,O,False,2,2-0-6-1-4,5,diag_anti,RandomAgent,RandomAgent
2025-05-20T11:32:15.409056,X,X,False,7,7-8-5-6-4-2-0-1-3,9,row_2,MinimaxAgent,RandomAgent
2025-05-20T11:32:15.421978,O,None,True,2,2-4-8-5-3-7-1-0-6,9,None,MinimaxAgent,MinimaxAgent
2025-05-20T11:32:15.435610,X,None,True,8,8-4-1-2-6-7-0-3-5,9,None,MinimaxAgent,MinimaxAgent
2025-05-20T11:32:15.446150,O,O,False,5,5-1-2-7-8,5,col_3,RandomAgent,MinimaxAgent
2025-05-20T11:32:15.446393,X,X,False,5,5-7-2-1-0-3-6-8-4,9,diag_anti,RandomAgent,RandomAgent
2025-05-20T11:32:15.459335,X,None,True,6,6-4-2-3-5-8-0-1-7,9,None,MinimaxAgent,MinimaxAgent
2025-05-20T11:32:15.469525,O,O,False,4,4-8-5-3-7-2-1,7,col_2,RandomAgent,MinimaxAgent
2025-05-20T11:32:15.472797,O,None,True,1,1-7-6-2-8-0-3-5-4,9,None,MinimaxAgent,RandomAgent
2025-05-20T11:32:15.485834,X,None,True,6,6-4-1-0-8-7-3-2-5,9,None,MinimaxAgent,MinimaxAgent
2025-05-20T11:32:15.499079,X,None,True,8,8-4-7-6-2-5-3-0-1,9,None,MinimaxAgent,MinimaxAgent
2025-05-20T11:32:15.512550,O,None,True,2,2-4-5-8-0-1-7-3-6,9,None,MinimaxAgent,MinimaxAgent
2025-05-20T11:32:15.512822,O,X,False,8,8-2-5-1-6-7-4-0,8,row_1,RandomAgent,RandomAgent
2025-05-20T11:32:15.522418,O,O,False,3,3-2-0-7-4-6-5,7,row_2,RandomAgent,MinimaxAgent
2025-05-20T11:32:15.535454,O,None,True,2,2-4-7-5-3-6-0-1-8,9,None,MinimaxAgent,MinimaxAgent
2025-05-20T11:32:15.535705,X,O,False,5,5-7-0-4-3-8-2-6,8,row_3,RandomAgent,RandomAgent
2025-05-20T11:32:15.535767,X,O,False,0,0-7-6-3-5-1-2-4,8,col_2,RandomAgent,RandomAgent
2025-05-20T11:32:15.535817,O,O,False,8,8-2-4-6-5-7-1-3-0,9,diag_main,RandomAgent,RandomAgent
2025-05-20T11:32:15.546506,O,O,False,8,8-3-2-6-0-7-1,7,row_1,RandomAgent,MinimaxAgent
2025-05-20T11:32:15.560309,X,None,True,0,0-4-2-1-7-6-5-8-3,9,None,MinimaxAgent,MinimaxAgent
2025-05-20T11:32:15.563655,X,O,False,4,4-6-0-8-3-5-1-2,8,col_3,RandomAgent,MinimaxAgent
2025-05-20T11:32:15.563763,O,O,False,0,0-3-8-1-5-2-6-4-7,9,row_3,RandomAgent,RandomAgent
2025-05-20T11:32:15.566754,X,O,False,0,0-4-3-6-8-2,6,diag_anti,RandomAgent,MinimaxAgent
2025-05-20T11:32:15.569869,X,O,False,7,7-6-4-1-8-0-2-3,8,col_1,RandomAgent,MinimaxAgent
2025-05-20T11:32:15.581240,X,X,False,6,6-7-3-1-4-0-5,7,row_2,MinimaxAgent,RandomAgent
2025-05-20T11:32:15.595417,O,None,True,8,8-4-2-5-3-1-7-6-0,9,None,MinimaxAgent,MinimaxAgent
2025-05-20T11:32:15.618735,O,None,True,3,3-0-1-7-8-2-5-4-6,9,None,MinimaxAgent,MinimaxAgent
2025-05-20T11:32:15.618992,X,X,False,7,7-5-3-4-1-6-2-8-0,9,row_1,RandomAgent,RandomAgent
2025-05-20T11:32:15.622402,O,None,True,5,5-8-7-1-2-6-4-3-0,9,None,MinimaxAgent,RandomAgent
2025-05-20T11:32:15.622519,O,O,False,7,7-4-0-1-8-2-3-5-6,9,row_3,RandomAgent,RandomAgent
2025-05-20T11:32:15.626728,O,None,True,4,4-6-7-1-5-3-0-8-2,9,None,MinimaxAgent,RandomAgent
2025-05-20T11:32:15.639442,X,None,True,3,3-0-2-4-8-5-7-6-1,9,None,MinimaxAgent,MinimaxAgent
2025-05-20T11:32:15.639656,O,O,False,6,6-4-1-7-5-3-2-0-8,9,col_3,RandomAgent,RandomAgent
2025-05-20T11:32:15.653392,O,None,True,0,0-4-1-2-6-3-5-7-8,9,None,MinimaxAgent,MinimaxAgent
2025-05-20T11:32:15.656679,O,X,False,5,5-3-7-2-8-6-4-0,8,col_1,MinimaxAgent,RandomAgent
2025-05-20T11:32:15.661065,X,O,False,8,8-4-5-2-1-6,6,diag_anti,RandomAgent,MinimaxAgent
2025-05-20T11:32:15.670576,X,X,False,0,0-5-4-8-2-1-6,7,diag_anti,MinimaxAgent,RandomAgent
2025-05-20T11:32:15.681662,O,O,False,7,7-6-0-1-5-2-4-3-8,9,diag_main,RandomAgent,MinimaxAgent
2025-05-20T11:32:15.695251,O,None,True,5,5-2-6-4-0-3-8-7-1,9,None,MinimaxAgent,MinimaxAgent
2025-05-20T11:32:15.705277,O,O,False,2,2-3-8-5-4-1-0,7,diag_main,RandomAgent,MinimaxAgent
2025-05-20T11:32:15.718826,O,None,True,0,0-4-2-1-7-6-5-8-3,9,None,MinimaxAgent,MinimaxAgent
2025-05-20T11:32:15.729346,X,X,False,7,7-2-8-5-3-1-6,7,row_3,MinimaxAgent,RandomAgent
2025-05-20T11:32:15.729573,O,O,False,8,8-4-5-7-2,5,col_3,RandomAgent,RandomAgent
2025-05-20T11:32:15.742961,X,None,True,5,5-3-6-2-8-7-1-0-4,9,None,MinimaxAgent,MinimaxAgent
2025-05-20T11:32:15.755744,X,None,True,3,3-6-8-4-2-5-0-1-7,9,None,MinimaxAgent,MinimaxAgent
2025-05-20T11:32:15.768929,O,None,True,5,5-3-6-8-7-4-0-1-2,9,None,MinimaxAgent,MinimaxAgent
2025-05-20T11:32:15.779393,X,X,False,0,0-8-6-7-5-4-1-2-3,9,col_1,MinimaxAgent,RandomAgent
2025-05-20T11:32:15.789141,X,X,False,2,2-0-8-1-6-4-7,7,row_3,MinimaxAgent,RandomAgent
2025-05-20T11:32:15.792496,X,O,False,5,5-2-8-0-4-3-6-1,8,row_1,RandomAgent,MinimaxAgent
2025-05-20T11:32:15.804879,X,None,True,6,6-4-5-1-7-8-0-3-2,9,None,MinimaxAgent,MinimaxAgent
2025-05-20T11:32:15.808377,X,O,False,0,0-4-6-3-2-5,6,row_2,RandomAgent,MinimaxAgent
2025-05-20T11:32:15.808481,X,None,True,4,4-3-7-6-2-1-5-8-0,9,None,RandomAgent,RandomAgent
2025-05-20T11:32:15.818168,X,X,False,7,7-0-6-4-8,5,row_3,MinimaxAgent,RandomAgent
2025-05-20T11:32:15.829222,X,X,False,8,8-7-4-1-6-0-2,7,diag_anti,MinimaxAgent,RandomAgent
2025-05-20T11:32:15.838901,X,X,False,6,6-7-4-1-8-5-0,7,diag_main,MinimaxAgent,RandomAgent
2025-05-20T11:32:15.842554,X,None,True,4,4-0-2-6-3-5-1-7-8,9,None,RandomAgent,MinimaxAgent
2025-05-20T11:32:15.842948,X,X,False,7,7-2-8-6-0-5-3-1-4,9,diag_main,RandomAgent,RandomAgent
2025-05-20T11:32:15.843227,X,X,False,1,1-3-4-8-2-0-6,7,diag_anti,RandomAgent,RandomAgent
2025-05-20T11:32:15.846364,O,None,True,4,4-8-7-1-3-5-2-6-0,9,None,MinimaxAgent,RandomAgent
2025-05-20T11:32:15.855875,X,X,False,8,8-0-2-6-5,5,col_3,MinimaxAgent,RandomAgent
2025-05-20T11:32:15.856047,O,O,False,6,6-7-4-8-2,5,diag_anti,RandomAgent,RandomAgent
2025-05-20T11:32:15.856083,O,X,False,1,1-4-5-8-7-2-3-6,8,diag_anti,RandomAgent,RandomAgent
2025-05-20T11:32:15.869723,O,None,True,3,3-5-2-6-0-1-8-4-7,9,None,MinimaxAgent,MinimaxAgent
2025-05-20T11:32:15.883708,O,None,True,6,6-4-1-3-5-2-0-8-7,9,None,MinimaxAgent,MinimaxAgent
2025-05-20T11:32:15.883966,X,X,False,5,5-3-7-2-1-0-6-8-4,9,col_2,RandomAgent,RandomAgent
2025-05-20T11:32:15.887074,O,X,False,1,1-7-4-0-5-3-8-6,8,col_1,MinimaxAgent,RandomAgent
2025-05-20T11:32:15.897317,O,O,False,4,4-1-2-8-5-3-6,7,diag_anti,RandomAgent,MinimaxAgent
2025-05-20T11:32:15.897540,O,O,False,2,2-1-3-0-8-4-7-6-5,9,col_3,RandomAgent,RandomAgent
2025-05-20T11:32:15.910177,X,None,True,1,1-7-6-2-3-0-4-5-8,9,None,MinimaxAgent,MinimaxAgent
2025-05-20T11:32:15.920003,X,X,False,3,3-2-0-5-6,5,col_1,MinimaxAgent,RandomAgent
2025-05-20T11:32:15.923235,X,O,False,0,0-4-5-1-6-7,6,col_2,RandomAgent,MinimaxAgent
2025-05-20T11:32:15.933223,O,O,False,6,6-3-4-0-7-8-2,7,diag_anti,RandomAgent,MinimaxAgent
2025-05-20T11:32:15.946439,X,None,True,5,5-2-6-0-1-4-8-7-3,9,None,MinimaxAgent,MinimaxAgent
2025-05-20T11:32:15.956137,O,O,False,7,7-0-6-1-8,5,row_3,RandomAgent,MinimaxAgent
2025-05-20T11:32:15.966591,O,O,False,3,3-8-6-7-0,5,col_1,RandomAgent,MinimaxAgent
2025-05-20T11:32:15.980363,O,None,True,4,4-0-8-2-1-7-5-3-6,9,None,MinimaxAgent,MinimaxAgent
2025-05-20T11:32:15.989998,O,O,False,2,2-8-0-5-6-1-7-3-4,9,diag_anti,RandomAgent,MinimaxAgent
2025-05-20T11:32:16.001399,O,O,False,3,3-0-1-4-8-6-2-7-5,9,col_3,RandomAgent,MinimaxAgent
2025-05-20T11:32:16.001641,X,X,False,4,4-2-5-7-6-8-3,7,row_2,RandomAgent,RandomAgent
2025-05-20T11:32:16.001686,X,X,False,8,8-2-6-7-1-3-0-5-4,9,diag_main,RandomAgent,RandomAgent
2025-05-20T11:32:16.004722,X,None,True,3,3-6-8-5-1-0-7-4-2,9,None,RandomAgent,MinimaxAgent
2025-05-20T11:32:16.018736,O,None,True,5,5-2-6-3-7-8-1-4-0,9,None,MinimaxAgent,MinimaxAgent
2025-05-20T11:32:16.029744,O,O,False,5,5-7-4-6-3,5,row_2,RandomAgent,MinimaxAgent
2025-05-20T11:32:16.033522,O,X,False,5,5-3-8-2-4-0-6-1,8,row_1,MinimaxAgent,RandomAgent
2025-05-20T11:32:16.036589,O,X,False,6,6-4-2-5-1-3,6,row_2,MinimaxAgent,RandomAgent
2025-05-20T11:32:16.036692,X,X,False,5,5-0-2-8-4-1-6,7,diag_anti,RandomAgent,RandomAgent
2025-05-20T11:32:16.050441,X,None,True,4,4-2-3-5-8-0-1-7-6,9,None,MinimaxAgent,MinimaxAgent
2025-05-20T11:32:16.054126,X,O,False,2,2-4-8-5-3-7-6-1,8,col_2,RandomAgent,MinimaxAgent
2025-05-20T11:32:16.054248,O,X,False,8,8-5-2-3-0-1-7-4,8,row_2,RandomAgent,RandomAgent
2025-05-20T11:32:16.057220,O,X,False,1,1-4-5-8-6-0,6,diag_main,MinimaxAgent,RandomAgent
2025-05-20T11:32:16.066911,X,X,False,5,5-7-8-3-4-2-0,7,diag_main,MinimaxAgent,RandomAgent
2025-05-20T11:32:16.076927,O,O,False,2,2-3-0-6-8-4-5,7,col_3,RandomAgent,MinimaxAgent
2025-05-20T11:32:16.077212,O,O,False,1,1-5-0-8-6-4-3,7,col_1,RandomAgent,RandomAgent
2025-05-20T11:32:16.089674,O,None,True,7,7-4-0-6-2-1-8-5-3,9,None,MinimaxAgent,MinimaxAgent
2025-05-20T11:32:16.099963,O,O,False,4,4-1-5-2-0-7-6-3-8,9,diag_main,RandomAgent,MinimaxAgent
2025-05-20T11:32:16.100198,O,O,False,7,7-2-6-4-5-8-3-1-0,9,col_1,RandomAgent,RandomAgent
2025-05-20T11:32:16.103497,O,X,False,0,0-4-6-3-8-5,6,row_2,MinimaxAgent,RandomAgent
2025-05-20T11:32:16.116852,O,None,True,0,0-4-1-2-6-3-5-7-8,9,None,MinimaxAgent,MinimaxAgent
2025-05-20T11:32:16.117136,X,X,False,4,4-6-3-1-8-5-0,7,diag_main,RandomAgent,RandomAgent
2025-05-20T11:32:16.129959,O,None,True,4,4-8-1-7-6-2-5-3-0,9,None,MinimaxAgent,MinimaxAgent
2025-05-20T11:32:16.143065,O,None,True,8,8-4-1-0-5-2-6-7-3,9,None,MinimaxAgent,MinimaxAgent
2025-05-20T11:32:16.156347,O,None,True,7,7-6-3-5-2-1-8-4-0,9,None,MinimaxAgent,MinimaxAgent
2025-05-20T11:32:16.169997,O,None,True,5,5-8-4-3-1-7-6-2-0,9,None,MinimaxAgent,MinimaxAgent
2025-05-20T11:32:16.173602,X,None,True,3,3-0-1-5-2-7-8-4-6,9,None,RandomAgent,MinimaxAgent
2025-05-20T11:32:16.177782,X,O,False,8,8-4-2-5-7-3,6,row_2,RandomAgent,MinimaxAgent
2025-05-20T11:32:16.180966,X,O,False,7,7-1-2-6-4-0-8-3,8,col_1,RandomAgent,MinimaxAgent
2025-05-20T11:32:16.181046,X,X,False,7,7-3-4-1-0-5-8,7,diag_main,RandomAgent,RandomAgent
2025-05-20T11:32:16.190781,X,X,False,1,1-5-4-7-0-8-2,7,row_1,MinimaxAgent,RandomAgent
2025-05-20T11:32:16.194926,O,X,False,7,7-6-5-0-4-3,6,col_1,MinimaxAgent,RandomAgent
2025-05-20T11:32:16.204509,X,X,False,5,5-0-2-1-6-7-4,7,diag_anti,MinimaxAgent,RandomAgent
2025-05-20T11:32:16.219037,O,None,True,7,7-6-3-1-2-4-0-8-5,9,None,MinimaxAgent,MinimaxAgent
2025-05-20T11:32:16.222647,X,O,False,1,1-7-0-2-3-6-5-4,8,diag_anti,RandomAgent,MinimaxAgent
2025-05-20T11:32:16.236495,X,None,True,8,8-4-6-7-1-2-3-0-5,9,None,MinimaxAgent,MinimaxAgent
2025-05-20T11:32:16.239944,O,X,False,6,6-4-5-2-3-0-8-1,8,row_1,MinimaxAgent,RandomAgent
2025-05-20T11:32:16.253466,X,None,True,2,2-4-3-1-7-8-0-6-5,9,None,MinimaxAgent,MinimaxAgent
2025-05-20T11:32:16.264612,X,X,False,7,7-3-4-1-6-5-2,7,diag_anti,MinimaxAgent,RandomAgent
2025-05-20T11:32:16.277913,O,None,True,2,2-4-6-7-1-0-8-5-3,9,None,MinimaxAgent,MinimaxAgent
2025-05-20T11:32:16.290662,X,None,True,7,7-4-6-8-0-3-5-1-2,9,None,MinimaxAgent,MinimaxAgent
2025-05-20T11:32:16.301564,X,X,False,0,0-2-8-6-4,5,diag_main,MinimaxAgent,RandomAgent
2025-05-20T11:32:16.311656,O,O,False,5,5-1-2-6-3-8-4,7,row_2,RandomAgent,MinimaxAgent
2025-05-20T11:32:16.321720,X,X,False,0,0-1-4-8-6-7-5-2-3,9,row_2,MinimaxAgent,RandomAgent
2025-05-20T11:32:16.324878,O,X,False,6,6-4-8-7-2-1,6,col_2,MinimaxAgent,RandomAgent
2025-05-20T11:32:16.334667,O,O,False,8,8-5-7-0-4-3-1,7,col_2,RandomAgent,MinimaxAgent
2025-05-20T11:32:16.348068,O,None,True,5,5-2-0-3-1-7-4-8-6,9,None,MinimaxAgent,MinimaxAgent
2025-05-20T11:32:16.351667,O,X,False,4,4-8-3-5-6-2,6,col_3,MinimaxAgent,RandomAgent
2025-05-20T11:32:16.365723,X,None,True,3,3-6-8-4-2-5-0-1-7,9,None,MinimaxAgent,MinimaxAgent
2025-05-20T11:32:16.379897,X,None,True,8,8-4-1-5-3-6-2-0-7,9,None,MinimaxAgent,MinimaxAgent
2025-05-20T11:32:16.389682,X,X,False,2,2-0-8-7-5,5,col_3,MinimaxAgent,RandomAgent
2025-05-20T11:32:16.389852,X,X,False,6,6-1-4-5-3-7-8-0-2,9,diag_anti,RandomAgent,RandomAgent
2025-05-20T11:32:16.389904,O,None,True,6,6-2-1-0-5-4-3-7-8,9,None,RandomAgent,RandomAgent
2025-05-20T11:32:16.400532,X,X,False,2,2-3-4-1-8-0-6,7,diag_anti,MinimaxAgent,RandomAgent
2025-05-20T11:32:16.414580,O,None,True,5,5-8-4-3-6-2-1-7-0,9,None,MinimaxAgent,MinimaxAgent
2025-05-20T11:32:16.424450,O,O,False,3,3-6-7-2-4-8-5,7,row_2,RandomAgent,MinimaxAgent
2025-05-20T11:32:16.428392,O,X,False,5,5-4-6-7-0-1,6,col_2,MinimaxAgent,RandomAgent
2025-05-20T11:32:16.441051,O,None,True,7,7-4-6-8-0-3-5-1-2,9,None,MinimaxAgent,MinimaxAgent
2025-05-20T11:32:16.452302,O,O,False,2,2-4-6-0-8-7-5,7,col_3,RandomAgent,MinimaxAgent
2025-05-20T11:32:16.455479,O,X,False,0,0-4-7-6-3-2,6,diag_anti,MinimaxAgent,RandomAgent
2025-05-20T11:32:16.458724,X,None,True,1,1-7-5-0-3-4-8-2-6,9,None,RandomAgent,MinimaxAgent
2025-05-20T11:32:16.462652,O,None,True,1,1-7-4-2-8-0-6-3-5,9,None,MinimaxAgent,RandomAgent
2025-05-20T11:32:16.462816,O,O,False,5,5-6-1-3-2-8-0,7,row_1,RandomAgent,RandomAgent
2025-05-20T11:32:16.466114,O,X,False,6,6-4-3-0-8-7-2-1,8,col_2,MinimaxAgent,RandomAgent
2025-05-20T11:32:16.479368,O,None,True,2,2-4-1-0-8-5-3-6-7,9,None,MinimaxAgent,MinimaxAgent
2025-05-20T11:32:16.482935,O,X,False,6,6-4-3-0-7-8,6,diag_main,MinimaxAgent,RandomAgent
2025-05-20T11:32:16.492676,O,O,False,8,8-4-7-5-6,5,row_3,RandomAgent,MinimaxAgent
2025-05-20T11:32:16.502921,O,O,False,5,5-8-4-0-6-2-3,7,row_2,RandomAgent,MinimaxAgent
2025-05-20T11:32:16.506201,X,O,False,4,4-2-7-1-3-0,6,row_1,RandomAgent,MinimaxAgent
2025-05-20T11:32:16.506302,O,O,False,6,6-7-0-2-3,5,col_1,RandomAgent,RandomAgent
2025-05-20T11:32:16.506338,O,X,False,7,7-3-5-0-1-6,6,col_1,RandomAgent,RandomAgent
2025-05-20T11:32:16.506385,O,O,False,0,0-5-8-2-7-1-3-4-6,9,row_3,RandomAgent,RandomAgent
2025-05-20T11:32:16.506429,O,O,False,0,0-4-2-7-1,5,row_1,RandomAgent,RandomAgent
2025-05-20T11:32:16.516225,X,X,False,1,1-3-4-7-2-6-0,7,row_1,MinimaxAgent,RandomAgent
2025-05-20T11:32:16.530110,X,None,True,1,1-0-6-4-8-7-3-5-2,9,None,MinimaxAgent,MinimaxAgent
2025-05-20T11:32:16.539768,O,O,False,4,4-8-1-0-2-6-7,7,col_2,RandomAgent,MinimaxAgent
2025-05-20T11:32:16.553940,O,None,True,4,4-0-3-5-8-1-2-6-7,9,None,MinimaxAgent,MinimaxAgent
2025-05-20T11:32:16.554203,O,X,False,2,2-6-4-7-1-0-5-3,8,col_1,RandomAgent,RandomAgent
2025-05-20T11:32:16.568470,O,None,True,4,4-6-7-1-2-3-0-8-5,9,None,MinimaxAgent,MinimaxAgent
2025-05-20T11:32:16.583175,X,None,True,4,4-0-8-6-3-5-7-1-2,9,None,MinimaxAgent,MinimaxAgent
2025-05-20T11:32:16.583472,O,None,True,4,4-6-7-1-2-3-0-8-5,9,None,RandomAgent,RandomAgent
2025-05-20T11:32:16.583515,O,O,False,2,2-0-8-4-6-5-7,7,row_3,RandomAgent,RandomAgent
2025-05-20T11:32:16.583585,O,X,False,2,2-1-0-7-3-6-5-8,8,row_3,RandomAgent,RandomAgent
2025-05-20T11:32:16.593688,X,X,False,4,4-3-7-6-0-5-2-1-8,9,diag_main,MinimaxAgent,RandomAgent
2025-05-20T11:32:16.603561,O,O,False,6,6-0-7-2-1-3-4,7,col_2,RandomAgent,MinimaxAgent
2025-05-20T11:32:16.606651,O,X,False,0,0-4-2-1-5-7,6,col_2,MinimaxAgent,RandomAgent
2025-05-20T11:32:16.611992,O,X,False,6,6-4-3-0-1-8,6,diag_main,MinimaxAgent,RandomAgent
2025-05-20T11:32:16.631579,X,None,True,8,8-4-7-6-2-5-3-1-0,9,None,MinimaxAgent,MinimaxAgent
2025-05-20T11:32:16.641572,X,X,False,7,7-2-8-0-1-6-4,7,col_2,MinimaxAgent,RandomAgent
2025-05-20T11:32:16.641783,O,X,False,8,8-5-6-2-0-3-1-4,8,row_2,RandomAgent,RandomAgent
2025-05-20T11:32:16.641853,X,X,False,0,0-7-3-6-5-1-4,7,row_2,RandomAgent,RandomAgent
2025-05-20T11:32:16.652050,O,O,False,1,1-7-8-4-2-0-5,7,col_3,RandomAgent,MinimaxAgent
2025-05-20T11:32:16.652278,O,X,False,2,2-0-7-8-5-3-4-6,8,col_1,RandomAgent,RandomAgent
2025-05-20T11:32:16.665488,O,None,True,1,1-7-2-0-8-5-4-6-3,9,None,MinimaxAgent,MinimaxAgent
2025-05-20T11:32:16.665834,O,X,False,7,7-0-5-2-3-1,6,row_1,RandomAgent,RandomAgent
2025-05-20T11:32:16.675948,X,X,False,4,4-8-5-3-7-2-1,7,col_2,MinimaxAgent,RandomAgent
2025-05-20T11:32:16.688921,X,None,True,0,0-4-3-6-2-1-7-8-5,9,None,MinimaxAgent,MinimaxAgent
2025-05-20T11:32:16.689149,O,None,True,5,5-1-4-8-0-6-7-3-2,9,None,RandomAgent,RandomAgent
2025-05-20T11:32:16.702656,O,None,True,3,3-6-7-1-0-5-4-8-2,9,None,MinimaxAgent,MinimaxAgent
2025-05-20T11:32:16.716629,X,None,True,1,1-7-0-2-6-3-4-8-5,9,None,MinimaxAgent,MinimaxAgent
2025-05-20T11:32:16.716920,X,O,False,3,3-4-2-0-6-7-5-8,8,diag_main,RandomAgent,RandomAgent
2025-05-20T11:32:16.730356,O,None,True,4,4-8-6-2-5-3-1-7-0,9,None,MinimaxAgent,MinimaxAgent
2025-05-20T11:32:16.734307,X,O,False,3,3-0-2-4-7-8,6,diag_main,RandomAgent,MinimaxAgent
2025-05-20T11:32:16.744881,X,X,False,6,6-0-2-7-4,5,diag_anti,MinimaxAgent,RandomAgent
2025-05-20T11:32:16.754658,X,X,False,1,1-3-0-6-7-4-2,7,row_1,MinimaxAgent,RandomAgent
2025-05-20T11:32:16.768525,X,None,True,5,5-2-1-4-6-8-0-3-7,9,None,MinimaxAgent,MinimaxAgent
2025-05-20T11:32:16.778911,X,X,False,0,0-6-8-2-4,5,diag_main,MinimaxAgent,RandomAgent
2025-05-20T11:32:16.788473,X,X,False,0,0-4-6-1-3,5,col_1,MinimaxAgent,RandomAgent
2025-05-20T11:32:16.791868,X,O,False,5,5-4-3-2-8-1-6-0,8,row_1,RandomAgent,MinimaxAgent
2025-05-20T11:32:16.791979,O,O,False,2,2-5-1-0-4-8-7,7,col_2,RandomAgent,RandomAgent
2025-05-20T11:32:16.804744,X,None,True,5,5-3-8-2-6-7-4-0-1,9,None,MinimaxAgent,MinimaxAgent
2025-05-20T11:32:16.815312,O,O,False,8,8-3-4-6-0,5,diag_main,RandomAgent,MinimaxAgent
2025-05-20T11:32:16.815547,X,O,False,6,6-3-8-0-1-5-2-4,8,row_2,RandomAgent,RandomAgent
2025-05-20T11:32:16.825784,O,O,False,4,4-2-6-7-3-8-0,7,col_1,RandomAgent,MinimaxAgent
2025-05-20T11:32:16.836079,X,X,False,6,6-3-4-0-7-2-8,7,row_3,MinimaxAgent,RandomAgent
2025-05-20T11:32:16.836306,O,X,False,7,7-0-4-2-6-1,6,row_1,RandomAgent,RandomAgent
2025-05-20T11:32:16.849985,O,None,True,2,2-4-0-1-7-8-5-3-6,9,None,MinimaxAgent,MinimaxAgent
2025-05-20T11:32:16.853593,O,X,False,3,3-0-5-4-7-2-8-1,8,row_1,MinimaxAgent,RandomAgent
2025-05-20T11:32:16.853697,O,X,False,7,7-3-4-6-5-0,6,col_1,RandomAgent,RandomAgent
2025-05-20T11:32:16.867404,O,None,True,7,7-1-5-6-0-8-3-4-2,9,None,MinimaxAgent,MinimaxAgent
2025-05-20T11:32:16.878426,O,O,False,0,0-3-2-4-1,5,row_1,RandomAgent,MinimaxAgent
2025-05-20T11:32:16.881549,X,O,False,4,4-2-0-8-1-7-5-6,8,row_3,RandomAgent,MinimaxAgent
2025-05-20T11:32:16.896431,X,None,True,4,4-8-6-2-5-3-0-7-1,9,None,MinimaxAgent,MinimaxAgent
2025-05-20T11:32:16.896775,X,X,False,1,1-2-6-3-7-4-8,7,row_3,RandomAgent,RandomAgent
2025-05-20T11:32:16.899933,X,O,False,1,1-2-0-8-3-5,6,col_3,RandomAgent,MinimaxAgent
2025-05-20T11:32:16.913631,O,None,True,7,7-1-4-0-2-6-3-5-8,9,None,MinimaxAgent,MinimaxAgent
2025-05-20T11:32:16.916901,X,O,False,6,6-4-0-3-5-1-2-7,8,col_2,RandomAgent,MinimaxAgent
2025-05-20T11:32:16.916984,X,O,False,0,0-1-3-4-5-7,6,col_2,RandomAgent,RandomAgent
2025-05-20T11:32:16.920067,X,O,False,7,7-6-1-4-8-3-5-2,8,diag_anti,RandomAgent,MinimaxAgent
2025-05-20T11:32:16.923058,X,O,False,0,0-4-6-3-1-5,6,row_2,RandomAgent,MinimaxAgent
2025-05-20T11:32:16.923133,O,None,True,5,5-2-1-3-4-8-0-7-6,9,None,RandomAgent,RandomAgent
2025-05-20T11:32:16.933891,X,X,False,2,2-5-1-3-4-8-7,7,col_2,MinimaxAgent,RandomAgent
2025-05-20T11:32:16.937030,O,X,False,2,2-4-0-1-6-7,6,col_2,MinimaxAgent,RandomAgent
2025-05-20T11:32:16.951484,X,None,True,5,5-3-8-2-6-7-0-4-1,9,None,MinimaxAgent,MinimaxAgent
2025-05-20T11:32:16.961881,X,X,False,4,4-3-0-2-7-1-8,7,diag_main,MinimaxAgent,RandomAgent
2025-05-20T11:32:16.965417,O,X,False,0,0-4-5-7-1-2-8-6,8,diag_anti,MinimaxAgent,RandomAgent
2025-05-20T11:32:16.965566,X,X,False,8,8-2-0-1-3-5-6,7,col_1,RandomAgent,RandomAgent
2025-05-20T11:32:16.978806,O,None,True,5,5-8-6-4-0-3-2-1-7,9,None,MinimaxAgent,MinimaxAgent
2025-05-20T11:32:16.988782,X,X,False,1,1-6-0-4-2,5,row_1,MinimaxAgent,RandomAgent
2025-05-20T11:32:17.002446,X,None,True,4,4-2-1-7-6-5-8-0-3,9,None,MinimaxAgent,MinimaxAgent
2025-05-20T11:32:17.016734,X,None,True,6,6-4-8-7-1-5-3-0-2,9,None,MinimaxAgent,MinimaxAgent
2025-05-20T11:32:17.019890,O,None,True,4,4-2-1-7-8-0-6-5-3,9,None,MinimaxAgent,RandomAgent
2025-05-20T11:32:17.019971,O,O,False,2,2-7-4-0-3-1-6,7,diag_anti,RandomAgent,RandomAgent
2025-05-20T11:32:17.033892,X,None,True,5,5-4-1-2-6-7-3-0-8,9,None,MinimaxAgent,MinimaxAgent
2025-05-20T11:32:17.047015,O,None,True,0,0-4-1-2-6-3-5-7-8,9,None,MinimaxAgent,MinimaxAgent
2025-05-20T11:32:17.050815,X,None,True,5,5-8-6-3-1-4-0-2-7,9,None,RandomAgent,MinimaxAgent
2025-05-20T11:32:17.053837,X,None,True,4,4-2-0-8-5-3-7-1-6,9,None,RandomAgent,MinimaxAgent
2025-05-20T11:32:17.066914,X,None,True,3,3-4-6-0-8-7-1-2-5,9,None,MinimaxAgent,MinimaxAgent
2025-05-20T11:32:17.067183,O,X,False,3,3-4-6-2-5-7-8-1,8,col_2,RandomAgent,RandomAgent
2025-05-20T11:32:17.067258,X,X,False,5,5-0-6-8-7-3-1-2-4,9,col_2,RandomAgent,RandomAgent
2025-05-20T11:32:17.067304,O,X,False,6,6-4-2-1-8-7,6,col_2,RandomAgent,RandomAgent
2025-05-20T11:32:17.067348,X,X,False,0,0-2-8-1-4,5,diag_main,RandomAgent,RandomAgent
2025-05-20T11:32:17.080819,O,None,True,0,0-4-5-1-7-6-2-8-3,9,None,MinimaxAgent,MinimaxAgent
2025-05-20T11:32:17.081095,O,O,False,7,7-8-1-5-0-4-2,7,row_1,RandomAgent,RandomAgent
2025-05-20T11:32:17.081160,O,None,True,2,2-3-7-8-4-1-5-6-0,9,None,RandomAgent,RandomAgent
2025-05-20T11:32:17.091215,O,O,False,6,6-2-8-3-4-0-7,7,row_3,RandomAgent,MinimaxAgent
2025-05-20T11:32:17.094900,O,X,False,1,1-7-4-8-0-6,6,row_3,MinimaxAgent,RandomAgent
2025-05-20T11:32:17.107100,X,None,True,4,4-2-1-7-5-3-8-0-6,9,None,MinimaxAgent,MinimaxAgent
2025-05-20T11:32:17.120194,X,None,True,8,8-4-3-6-2-5-1-0-7,9,None,MinimaxAgent,MinimaxAgent
2025-05-20T11:32:17.130842,X,None,True,3,3-6-2-4-0-1-7-5-8,9,None,MinimaxAgent,RandomAgent
2025-05-20T11:32:17.140828,O,O,False,2,2-5-0-8-6-7-3,7,col_1,RandomAgent,MinimaxAgent
2025-05-20T11:32:17.144362,O,None,True,3,3-0-8-2-1-7-4-5-6,9,None,MinimaxAgent,RandomAgent
2025-05-20T11:32:17.153863,X,X,False,5,5-2-4-8-7-0-1,7,col_2,MinimaxAgent,RandomAgent
2025-05-20T11:32:17.154027,X,O,False,7,7-0-6-1-4-2,6,row_1,RandomAgent,RandomAgent
2025-05-20T11:32:17.167155,O,None,True,1,1-7-4-2-8-0-3-5-6,9,None,MinimaxAgent,MinimaxAgent
2025-05-20T11:32:17.170547,X,O,False,7,7-6-3-1-8-2-5-4,8,diag_anti,RandomAgent,MinimaxAgent
2025-05-20T11:32:17.198621,O,None,True,7,7-1-0-6-2-5-8-4-3,9,None,MinimaxAgent,MinimaxAgent
2025-05-20T11:32:17.215610,X,None,True,7,7-8-2-4-0-1-5-3-6,9,None,MinimaxAgent,MinimaxAgent
2025-05-20T11:32:17.232335,O,None,True,1,1-7-2-0-8-5-4-6-3,9,None,MinimaxAgent,MinimaxAgent
2025-05-20T11:32:17.245601,O,None,True,7,7-8-0-1-5-3-4-6-2,9,None,MinimaxAgent,MinimaxAgent
2025-05-20T11:32:17.258644,O,None,True,8,8-4-0-3-5-2-6-7-1,9,None,MinimaxAgent,MinimaxAgent
2025-05-20T11:32:17.269348,X,X,False,5,5-8-4-1-2-0-6,7,diag_anti,MinimaxAgent,RandomAgent
2025-05-20T11:32:17.279559,X,X,False,5,5-0-2-8-4-1-7-3-6,9,diag_anti,MinimaxAgent,RandomAgent
2025-05-20T11:32:17.282976,O,X,False,0,0-4-7-5-6-3,6,row_2,MinimaxAgent,RandomAgent
2025-05-20T11:32:17.292685,O,O,False,2,2-8-0-1-6-4-3,7,col_1,RandomAgent,MinimaxAgent
2025-05-20T11:32:17.305265,X,None,True,6,6-4-8-7-1-0-3-2-5,9,None,MinimaxAgent,MinimaxAgent
2025-05-20T11:32:17.305495,X,X,False,1,1-0-5-3-2-7-8,7,col_3,RandomAgent,RandomAgent
2025-05-20T11:32:17.318777,X,None,True,4,4-8-1-7-6-2-5-3-0,9,None,MinimaxAgent,MinimaxAgent
2025-05-20T11:32:17.321888,O,X,False,4,4-8-3-5-1-2,6,col_3,MinimaxAgent,RandomAgent
2025-05-20T11:32:17.332296,O,O,False,0,0-2-8-3-4,5,diag_main,RandomAgent,MinimaxAgent
2025-05-20T11:32:17.346219,O,None,True,0,0-4-7-5-3-6-2-1-8,9,None,MinimaxAgent,MinimaxAgent
2025-05-20T11:32:17.359693,O,None,True,8,8-4-5-2-6-7-1-3-0,9,None,MinimaxAgent,MinimaxAgent
2025-05-20T11:32:17.363250,O,X,False,2,2-4-3-0-5-8,6,diag_main,MinimaxAgent,RandomAgent
2025-05-20T11:32:17.377971,X,None,True,6,6-4-5-7-1-0-8-2-3,9,None,MinimaxAgent,MinimaxAgent
2025-05-20T11:32:17.378322,X,X,False,8,8-4-6-3-7,5,row_3,RandomAgent,RandomAgent
2025-05-20T11:32:17.387638,O,None,True,5,5-8-0-3-4-1-7-6-2,9,None,RandomAgent,MinimaxAgent
2025-05-20T11:32:17.387787,X,O,False,7,7-3-4-6-8-0,6,col_1,RandomAgent,RandomAgent
2025-05-20T11:32:17.397615,X,X,False,5,5-4-7-1-8-0-2,7,col_3,MinimaxAgent,RandomAgent
2025-05-20T11:32:17.401210,X,O,False,5,5-4-3-8-0-6-1-7,8,row_3,RandomAgent,MinimaxAgent
2025-05-20T11:32:17.414307,O,None,True,0,0-4-5-7-1-2-6-3-8,9,None,MinimaxAgent,MinimaxAgent
2025-05-20T11:32:17.428047,O,None,True,5,5-3-4-2-1-7-0-8-6,9,None,MinimaxAgent,MinimaxAgent
2025-05-20T11:32:17.428349,O,O,False,5,5-1-0-6-4-2-7-8-3,9,row_2,RandomAgent,RandomAgent
2025-05-20T11:32:17.441238,X,None,True,2,2-4-3-6-1-0-8-5-7,9,None,MinimaxAgent,MinimaxAgent
2025-05-20T11:32:17.455597,O,None,True,7,7-1-5-8-0-6-2-4-3,9,None,MinimaxAgent,MinimaxAgent
2025-05-20T11:32:17.469405,O,None,True,4,4-8-0-6-7-1-5-3-2,9,None,MinimaxAgent,MinimaxAgent
2025-05-20T11:32:17.469672,O,O,False,2,2-1-8-5-7-3-0-6-4,9,diag_main,RandomAgent,RandomAgent
2025-05-20T11:32:17.469735,X,X,False,0,0-5-3-4-2-8-7-6-1,9,row_1,RandomAgent,RandomAgent
2025-05-20T11:32:17.480187,X,X,False,0,0-5-2-8-3-1-6,7,col_1,MinimaxAgent,RandomAgent
2025-05-20T11:32:17.492932,X,None,True,6,6-4-1-3-5-2-8-7-0,9,None,MinimaxAgent,MinimaxAgent
2025-05-20T11:32:17.493197,X,O,False,5,5-4-3-1-6-8-2-7,8,col_2,RandomAgent,RandomAgent
2025-05-20T11:32:17.496270,O,X,False,2,2-4-1-0-6-8,6,diag_main,MinimaxAgent,RandomAgent
2025-05-20T11:32:17.496359,O,O,False,0,0-1-6-4-5-2-8-3-7,9,row_3,RandomAgent,RandomAgent
2025-05-20T11:32:17.496421,O,None,True,6,6-7-5-3-0-2-8-4-1,9,None,RandomAgent,RandomAgent
2025-05-20T11:32:17.508892,X,None,True,8,8-4-1-5-3-6-2-0-7,9,None,MinimaxAgent,MinimaxAgent
2025-05-20T11:32:17.519020,X,X,False,1,1-3-0-5-2,5,row_1,MinimaxAgent,RandomAgent
2025-05-20T11:32:17.529332,X,X,False,0,0-2-3-5-6,5,col_1,MinimaxAgent,RandomAgent
2025-05-20T11:32:17.539257,O,O,False,2,2-1-5-7-4-3-0-8-6,9,diag_anti,RandomAgent,MinimaxAgent
2025-05-20T11:32:17.539432,X,X,False,8,8-1-6-2-4-3-0,7,diag_main,RandomAgent,RandomAgent
2025-05-20T11:32:17.552389,O,None,True,3,3-6-8-4-2-5-7-0-1,9,None,MinimaxAgent,MinimaxAgent
2025-05-20T11:32:17.555982,X,O,False,3,3-4-8-7-2-1,6,col_2,RandomAgent,MinimaxAgent
2025-05-20T11:32:17.568848,O,None,True,4,4-0-7-1-2-6-3-5-8,9,None,MinimaxAgent,MinimaxAgent
2025-05-20T11:32:17.584299,O,None,True,0,0-4-7-5-3-6-2-1-8,9,None,MinimaxAgent,MinimaxAgent
2025-05-20T11:32:17.598209,O,None,True,8,8-4-0-5-3-6-2-1-7,9,None,MinimaxAgent,MinimaxAgent
2025-05-20T11:32:17.608370,O,None,True,1,1-2-8-7-3-4-6-0-5,9,None,RandomAgent,MinimaxAgent
2025-05-20T11:32:17.612322,O,None,True,3,3-0-1-4-8-6-2-5-7,9,None,MinimaxAgent,RandomAgent
2025-05-20T11:32:17.624983,O,None,True,8,8-4-1-2-6-7-5-3-0,9,None,MinimaxAgent,MinimaxAgent
2025-05-20T11:32:17.625271,O,O,False,6,6-1-0-4-2-8-7-5-3,9,col_1,RandomAgent,RandomAgent
2025-05-20T11:32:17.628924,X,O,False,6,6-4-5-1-2-7,6,col_2,RandomAgent,MinimaxAgent
2025-05-20T11:32:17.629091,O,O,False,8,8-3-0-6-5-2-4,7,diag_main,RandomAgent,RandomAgent
2025-05-20T11:32:17.632034,O,X,False,4,4-0-5-3-1-6,6,col_1,MinimaxAgent,RandomAgent
2025-05-20T11:32:17.635208,O,X,False,3,3-4-0-6-5-1-7-2,8,diag_anti,MinimaxAgent,RandomAgent
2025-05-20T11:32:17.649393,O,None,True,0,0-4-8-5-3-6-2-1-7,9,None,MinimaxAgent,MinimaxAgent
2025-05-20T11:32:17.652707,X,O,False,1,1-2-7-4-5-0-8-6,8,diag_anti,RandomAgent,MinimaxAgent
2025-05-20T11:32:17.652803,X,X,False,2,2-1-5-0-6-3-4,7,diag_anti,RandomAgent,RandomAgent
2025-05-20T11:32:17.655887,X,None,True,7,7-4-0-6-2-1-5-8-3,9,None,RandomAgent,MinimaxAgent
2025-05-20T11:32:17.669820,X,None,True,7,7-1-3-6-2-8-4-5-0,9,None,MinimaxAgent,MinimaxAgent
2025-05-20T11:32:17.673117,X,None,True,7,7-8-2-4-0-1-5-3-6,9,None,RandomAgent,MinimaxAgent
2025-05-20T11:32:17.686708,O,None,True,2,2-4-6-5-3-0-8-7-1,9,None,MinimaxAgent,MinimaxAgent
2025-05-20T11:32:17.689915,O,X,False,3,3-6-0-7-5-8,6,row_3,MinimaxAgent,RandomAgent
2025-05-20T11:32:17.700372,X,X,False,5,5-2-6-7-3-0-4,7,row_2,MinimaxAgent,RandomAgent
2025-05-20T11:32:17.700642,O,O,False,4,4-8-5-1-3,5,row_2,RandomAgent,RandomAgent
2025-05-20T11:32:17.713796,O,None,True,4,4-0-3-5-2-6-1-7-8,9,None,MinimaxAgent,MinimaxAgent
2025-05-20T11:32:17.714081,O,O,False,6,6-5-8-2-4-0-7,7,row_3,RandomAgent,RandomAgent
2025-05-20T11:32:17.714140,X,X,False,1,1-8-2-3-6-7-4,7,diag_anti,RandomAgent,RandomAgent
2025-05-20T11:32:17.714191,X,None,True,2,2-5-3-6-1-4-7-0-8,9,None,RandomAgent,RandomAgent
2025-05-20T11:32:17.714371,O,None,True,7,7-2-5-8-6-4-1-3-0,9,None,RandomAgent,RandomAgent
2025-05-20T11:32:17.714461,O,X,False,5,5-1-7-2-3-4-0-6,8,diag_anti,RandomAgent,RandomAgent
2025-05-20T11:32:17.728355,O,None,True,0,0-4-1-2-6-3-5-8-7,9,None,MinimaxAgent,MinimaxAgent
2025-05-20T11:32:17.738211,O,O,False,8,8-7-2-0-6-3-1-5-4,9,diag_anti,RandomAgent,MinimaxAgent
2025-05-20T11:32:17.751333,X,None,True,5,5-4-7-6-2-8-0-1-3,9,None,MinimaxAgent,MinimaxAgent
2025-05-20T11:32:17.754726,X,O,False,0,0-4-6-3-7-5,6,row_2,RandomAgent,MinimaxAgent
2025-05-20T11:32:17.757754,O,X,False,8,8-4-5-2-7-6,6,diag_anti,MinimaxAgent,RandomAgent
2025-05-20T11:32:17.761283,X,O,False,8,8-4-6-7-2-1,6,col_2,RandomAgent,MinimaxAgent
2025-05-20T11:32:17.771111,O,O,False,3,3-8-6-4-0,5,col_1,RandomAgent,MinimaxAgent
2025-05-20T11:32:17.781356,X,X,False,2,2-8-1-5-0,5,row_1,MinimaxAgent,RandomAgent
2025-05-20T11:32:17.791472,X,X,False,1,1-4-0-3-2,5,row_1,MinimaxAgent,RandomAgent
2025-05-20T11:32:17.791668,X,O,False,7,7-8-1-4-3-0,6,diag_main,RandomAgent,RandomAgent
2025-05-20T11:32:17.791717,O,O,False,0,0-3-7-6-8-5-1-2-4,9,col_2,RandomAgent,RandomAgent
2025-05-20T11:32:17.791746,O,None,True,0,0-4-1-8-7-3-6-2-5,9,None,RandomAgent,RandomAgent
2025-05-20T11:32:17.804842,O,None,True,3,3-5-2-0-4-6-7-1-8,9,None,MinimaxAgent,MinimaxAgent
2025-05-20T11:32:17.815981,X,X,False,5,5-4-8-7-2,5,col_3,MinimaxAgent,RandomAgent
2025-05-20T11:32:17.816205,O,X,False,1,1-2-7-8-6-0-3-4,8,diag_main,RandomAgent,RandomAgent
2025-05-20T11:32:17.816246,O,O,False,3,3-2-0-5-6,5,col_1,RandomAgent,RandomAgent
2025-05-20T11:32:17.826653,X,X,False,6,6-4-8-3-7,5,row_3,MinimaxAgent,RandomAgent
2025-05-20T11:32:17.836563,O,O,False,5,5-2-6-1-0-7-4-8-3,9,row_2,RandomAgent,MinimaxAgent
2025-05-20T11:32:17.836749,O,O,False,6,6-8-0-7-4-3-5-1-2,9,diag_anti,RandomAgent,RandomAgent
2025-05-20T11:32:17.839697,O,X,False,2,2-4-6-5-8-3,6,row_2,MinimaxAgent,RandomAgent
2025-05-20T11:32:17.839775,X,X,False,6,6-8-2-1-4,5,diag_anti,RandomAgent,RandomAgent
2025-05-20T11:32:17.850932,X,X,False,4,4-5-6-7-0-1-2,7,diag_anti,MinimaxAgent,RandomAgent
2025-05-20T11:32:17.864834,X,None,True,0,0-4-5-8-2-1-7-3-6,9,None,MinimaxAgent,MinimaxAgent
2025-05-20T11:32:17.865133,X,X,False,6,6-8-4-5-2,5,diag_anti,RandomAgent,RandomAgent
2025-05-20T11:32:17.865196,O,O,False,0,0-6-3-5-4-7-8,7,diag_main,RandomAgent,RandomAgent
2025-05-20T11:32:17.878525,X,None,True,3,3-0-8-5-4-1-2-6-7,9,None,MinimaxAgent,MinimaxAgent
2025-05-20T11:32:17.888553,O,O,False,8,8-7-5-6-1-0-2,7,col_3,RandomAgent,MinimaxAgent
2025-05-20T11:32:17.891861,X,O,False,8,8-4-7-6-2-5-1-3,8,row_2,RandomAgent,MinimaxAgent
2025-05-20T11:32:17.891980,O,X,False,2,2-0-1-5-8-4-7-3,8,row_2,RandomAgent,RandomAgent
2025-05-20T11:32:17.905115,O,None,True,5,5-8-0-3-4-2-1-7-6,9,None,MinimaxAgent,MinimaxAgent
2025-05-20T11:32:17.915160,O,O,False,5,5-7-8-2-4-1-3,7,row_2,RandomAgent,MinimaxAgent
2025-05-20T11:32:17.928383,X,None,True,4,4-0-8-2-1-7-6-3-5,9,None,MinimaxAgent,MinimaxAgent
2025-05-20T11:32:17.938552,O,O,False,5,5-8-6-0-4-7-1-2-3,9,row_2,RandomAgent,MinimaxAgent
2025-05-20T11:32:17.938739,O,O,False,1,1-3-4-7-5-6-8-2-0,9,diag_main,RandomAgent,RandomAgent
2025-05-20T11:32:17.941781,X,O,False,2,2-4-5-8-7-0,6,diag_main,RandomAgent,MinimaxAgent
2025-05-20T11:32:17.945128,O,X,False,2,2-4-5-8-1-0,6,diag_main,MinimaxAgent,RandomAgent
2025-05-20T11:32:17.958284,O,None,True,8,8-4-6-7-1-0-5-2-3,9,None,MinimaxAgent,MinimaxAgent
2025-05-20T11:32:17.971732,X,None,True,3,3-5-6-0-2-4-8-7-1,9,None,MinimaxAgent,MinimaxAgent
2025-05-20T11:32:17.982551,O,O,False,0,0-4-7-8-6-5-3,7,col_1,RandomAgent,MinimaxAgent
2025-05-20T11:32:17.982778,X,X,False,1,1-6-5-2-0-3-7-8-4,9,col_2,RandomAgent,RandomAgent
2025-05-20T11:32:17.982829,X,O,False,2,2-7-5-4-0-1,6,col_2,RandomAgent,RandomAgent
2025-05-20T11:32:17.996890,X,None,True,5,5-3-1-8-7-4-0-2-6,9,None,MinimaxAgent,MinimaxAgent
2025-05-20T11:32:18.000465,X,O,False,8,8-4-6-7-1-5-0-3,8,row_2,RandomAgent,MinimaxAgent
2025-05-20T11:32:18.000593,O,X,False,5,5-4-7-0-1-6-3-8,8,diag_main,RandomAgent,RandomAgent
2025-05-20T11:32:18.014822,O,None,True,2,2-4-0-1-7-6-3-8-5,9,None,MinimaxAgent,MinimaxAgent
2025-05-20T11:32:18.024670,X,X,False,5,5-2-1-7-3-8-4,7,row_2,MinimaxAgent,RandomAgent
2025-05-20T11:32:18.029021,X,O,False,4,4-6-2-0-8-3,6,col_1,RandomAgent,MinimaxAgent
2025-05-20T11:32:18.038601,O,O,False,4,4-0-1-3-7,5,col_2,RandomAgent,MinimaxAgent
2025-05-20T11:32:18.049778,O,O,False,5,5-1-2-7-8,5,col_3,RandomAgent,MinimaxAgent
2025-05-20T11:32:18.053340,O,X,False,0,0-4-3-6-8-7-2-1,8,col_2,MinimaxAgent,RandomAgent
2025-05-20T11:32:18.066739,X,None,True,6,6-4-0-3-5-2-1-8-7,9,None,MinimaxAgent,MinimaxAgent
2025-05-20T11:32:18.066993,O,O,False,2,2-1-0-3-8-5-4,7,diag_main,RandomAgent,RandomAgent
2025-05-20T11:32:18.070327,O,X,False,2,2-4-1-0-6-5-8-3,8,row_2,MinimaxAgent,RandomAgent
2025-05-20T11:32:18.083689,O,None,True,0,0-4-2-1-7-8-6-3-5,9,None,MinimaxAgent,MinimaxAgent
2025-05-20T11:32:18.083958,O,O,False,6,6-5-0-1-2-7-4,7,diag_anti,RandomAgent,RandomAgent
2025-05-20T11:32:18.095136,O,O,False,4,4-7-5-2-8-1-3,7,row_2,RandomAgent,MinimaxAgent
2025-05-20T11:32:18.108148,X,None,True,5,5-4-1-2-6-3-8-7-0,9,None,MinimaxAgent,MinimaxAgent
2025-05-20T11:32:18.108397,X,O,False,7,7-0-1-6-2-4-3-8,8,diag_main,RandomAgent,RandomAgent
2025-05-20T11:32:18.121375,O,None,True,8,8-4-7-6-2-5-3-0-1,9,None,MinimaxAgent,MinimaxAgent
2025-05-20T11:32:18.125133,O,X,False,2,2-4-0-1-3-7,6,col_2,MinimaxAgent,RandomAgent
2025-05-20T11:32:18.137798,X,None,True,8,8-4-6-7-1-0-5-2-3,9,None,MinimaxAgent,MinimaxAgent
2025-05-20T11:32:18.141439,X,O,False,8,8-4-1-2-7-6,6,diag_anti,RandomAgent,MinimaxAgent
2025-05-20T11:32:18.141548,X,O,False,0,0-3-8-1-2-4-6-7,8,col_2,RandomAgent,RandomAgent
2025-05-20T11:32:18.145387,X,O,False,8,8-4-0-5-1-2-7-3,8,row_2,RandomAgent,MinimaxAgent
2025-05-20T11:32:18.145537,O,O,False,4,4-5-3-8-6-7-0,7,col_1,RandomAgent,RandomAgent
2025-05-20T11:32:18.148648,O,X,False,7,7-8-6-2-0-5,6,col_3,MinimaxAgent,RandomAgent
2025-05-20T11:32:18.158883,O,O,False,2,2-5-1-8-3-6-0,7,row_1,RandomAgent,MinimaxAgent
2025-05-20T11:32:18.159490,X,X,False,3,3-5-2-8-1-7-6-4-0,9,row_1,RandomAgent,RandomAgent
2025-05-20T11:32:18.163106,X,O,False,5,5-4-6-7-3-1,6,col_2,RandomAgent,MinimaxAgent
2025-05-20T11:32:18.163253,X,X,False,4,4-3-1-8-7,5,col_2,RandomAgent,RandomAgent
2025-05-20T11:32:18.173214,X,X,False,4,4-8-1-7-6-3-2,7,diag_anti,MinimaxAgent,RandomAgent
2025-05-20T11:32:18.177434,O,X,False,7,7-8-1-4-2-0,6,diag_main,MinimaxAgent,RandomAgent
2025-05-20T11:32:18.190157,O,None,True,0,0-4-8-7-1-2-6-3-5,9,None,MinimaxAgent,MinimaxAgent
2025-05-20T11:32:18.201130,O,None,True,3,3-0-1-4-8-6-2-5-7,9,None,RandomAgent,MinimaxAgent
2025-05-20T11:32:18.201347,X,O,False,5,5-1-0-2-8-4-6-7,8,col_2,RandomAgent,RandomAgent
2025-05-20T11:32:18.215427,X,None,True,5,5-4-6-7-1-2-8-3-0,9,None,MinimaxAgent,MinimaxAgent
2025-05-20T11:32:18.215728,X,X,False,8,8-4-7-3-5-6-2,7,col_3,RandomAgent,RandomAgent
2025-05-20T11:32:18.215792,X,X,False,3,3-7-5-6-0-2-8-1-4,9,row_2,RandomAgent,RandomAgent
2025-05-20T11:32:18.215843,O,X,False,0,0-2-8-6-3-5-7-4,8,diag_anti,RandomAgent,RandomAgent
2025-05-20T11:32:18.229758,O,None,True,5,5-2-1-3-4-7-0-8-6,9,None,MinimaxAgent,MinimaxAgent
2025-05-20T11:32:18.230054,X,O,False,0,0-4-7-1-2-5-6-3,8,row_2,RandomAgent,RandomAgent
2025-05-20T11:32:18.239953,X,X,False,4,4-5-0-1-6-3-2,7,diag_anti,MinimaxAgent,RandomAgent
2025-05-20T11:32:18.244183,O,X,False,2,2-4-0-1-6-7,6,col_2,MinimaxAgent,RandomAgent
2025-05-20T11:32:18.244565,O,X,False,0,0-1-6-4-2-3-7-5,8,row_2,RandomAgent,RandomAgent
2025-05-20T11:32:18.254317,X,X,False,6,6-0-8-4-2-5-7,7,row_3,MinimaxAgent,RandomAgent
2025-05-20T11:32:18.254469,O,None,True,8,8-3-5-2-6-4-0-7-1,9,None,RandomAgent,RandomAgent
2025-05-20T11:32:18.254531,X,X,False,4,4-3-1-8-7,5,col_2,RandomAgent,RandomAgent
2025-05-20T11:32:18.254580,O,O,False,3,3-7-8-4-6-5-1-2-0,9,col_1,RandomAgent,RandomAgent
2025-05-20T11:32:18.268170,X,None,True,2,2-4-3-1-7-8-0-6-5,9,None,MinimaxAgent,MinimaxAgent
2025-05-20T11:32:18.281595,O,None,True,2,2-4-3-7-1-0-8-5-6,9,None,MinimaxAgent,MinimaxAgent
2025-05-20T11:32:18.291801,O,O,False,3,3-7-6-2-5-8-1-0-4,9,row_2,RandomAgent,MinimaxAgent
2025-05-20T11:32:18.292002,X,None,True,7,7-8-0-4-5-1-2-6-3,9,None,RandomAgent,RandomAgent
2025-05-20T11:32:18.304745,O,None,True,0,0-4-5-7-1-2-6-3-8,9,None,MinimaxAgent,MinimaxAgent
2025-05-20T11:32:18.307985,O,X,False,0,0-4-5-8-2-1-6-7,8,col_2,MinimaxAgent,RandomAgent
2025-05-20T11:32:18.321335,O,None,True,3,3-5-7-0-2-4-8-6-1,9,None,MinimaxAgent,MinimaxAgent
2025-05-20T11:32:18.321621,O,O,False,8,8-3-6-7-4-1-0,7,diag_main,RandomAgent,RandomAgent
2025-05-20T11:32:18.321688,X,X,False,3,3-4-5-7-1-0-8-6-2,9,col_3,RandomAgent,RandomAgent
2025-05-20T11:32:18.321761,O,O,False,7,7-6-3-0-5-1-2-4-8,9,col_3,RandomAgent,RandomAgent
2025-05-20T11:32:18.324871,O,X,False,4,4-0-2-6-8-3,6,col_1,MinimaxAgent,RandomAgent
2025-05-20T11:32:18.338135,O,None,True,5,5-2-4-3-7-1-0-8-6,9,None,MinimaxAgent,MinimaxAgent
2025-05-20T11:32:18.351135,X,None,True,4,4-6-5-3-0-8-7-1-2,9,None,MinimaxAgent,MinimaxAgent
2025-05-20T11:32:18.354379,X,None,True,5,5-3-0-8-2-1-6-4-7,9,None,RandomAgent,MinimaxAgent
2025-05-20T11:32:18.367325,X,None,True,5,5-3-6-2-0-4-1-8-7,9,None,MinimaxAgent,MinimaxAgent
2025-05-20T11:32:18.381556,X,None,True,0,0-4-8-5-3-6-2-1-7,9,None,MinimaxAgent,MinimaxAgent
2025-05-20T11:32:18.381859,O,X,False,7,7-4-5-6-3-8-2-0,8,diag_main,RandomAgent,RandomAgent
2025-05-20T11:32:18.384952,O,X,False,1,1-7-8-2-0-4-5-6,8,diag_anti,MinimaxAgent,RandomAgent
2025-05-20T11:32:18.395892,X,X,False,8,8-7-5-0-2,5,col_3,MinimaxAgent,RandomAgent
2025-05-20T11:32:18.396141,O,X,False,6,6-2-7-4-1-0-3-8,8,diag_main,RandomAgent,RandomAgent
2025-05-20T11:32:18.409653,O,None,True,3,3-5-6-0-8-7-1-2-4,9,None,MinimaxAgent,MinimaxAgent
2025-05-20T11:32:18.410044,X,None,True,4,4-1-2-5-7-0-3-6-8,9,None,RandomAgent,RandomAgent
2025-05-20T11:32:18.423526,X,None,True,2,2-4-5-8-0-1-7-3-6,9,None,MinimaxAgent,MinimaxAgent
2025-05-20T11:32:18.434598,O,O,False,0,0-3-4-6-8,5,diag_main,RandomAgent,MinimaxAgent
2025-05-20T11:32:18.448708,O,None,True,4,4-2-8-0-1-7-3-5-6,9,None,MinimaxAgent,MinimaxAgent
2025-05-20T11:32:18.449045,X,O,False,7,7-2-0-3-6-4-1-5,8,row_2,RandomAgent,RandomAgent
2025-05-20T11:32:18.452418,X,None,True,0,0-4-1-2-6-3-5-7-8,9,None,RandomAgent,MinimaxAgent
2025-05-20T11:32:18.455523,O,X,False,7,7-4-6-8-3-0,6,diag_main,MinimaxAgent,RandomAgent
2025-05-20T11:32:18.455608,X,None,True,7,7-5-0-6-4-1-3-8-2,9,None,RandomAgent,RandomAgent
2025-05-20T11:32:18.455641,O,O,False,4,4-2-5-1-7-6-0-8-3,9,row_2,RandomAgent,RandomAgent
2025-05-20T11:32:18.458812,O,X,False,7,7-6-4-1-8-0-2-3,8,col_1,MinimaxAgent,RandomAgent
2025-05-20T11:32:18.458981,X,O,False,3,3-0-1-8-6-5-7-4,8,diag_main,RandomAgent,RandomAgent
2025-05-20T11:32:18.469658,O,O,False,2,2-6-8-5-0-4-1,7,row_1,RandomAgent,MinimaxAgent
2025-05-20T11:32:18.480222,O,O,False,1,1-6-0-8-7-3-4,7,col_2,RandomAgent,MinimaxAgent
2025-05-20T11:32:18.493990,X,None,True,7,7-6-4-1-0-8-2-5-3,9,None,MinimaxAgent,MinimaxAgent
2025-05-20T11:32:18.504020,O,O,False,0,0-8-6-7-3,5,col_1,RandomAgent,MinimaxAgent
2025-05-20T11:32:18.514390,X,X,False,7,7-3-4-0-6-5-1,7,col_2,MinimaxAgent,RandomAgent
2025-05-20T11:32:18.524161,O,O,False,3,3-5-1-4-0-8-2,7,row_1,RandomAgent,MinimaxAgent
2025-05-20T11:32:18.538328,O,None,True,5,5-2-6-0-1-4-8-7-3,9,None,MinimaxAgent,MinimaxAgent
2025-05-20T11:32:18.552647,X,None,True,8,8-4-1-2-6-7-5-0-3,9,None,MinimaxAgent,MinimaxAgent
2025-05-20T11:32:18.552899,O,O,False,0,0-1-8-7-4,5,diag_main,RandomAgent,RandomAgent
2025-05-20T11:32:18.563722,X,X,False,5,5-4-7-1-8-3-6,7,row_3,MinimaxAgent,RandomAgent
2025-05-20T11:32:18.567201,X,O,False,8,8-4-1-2-7-6,6,diag_anti,RandomAgent,MinimaxAgent
2025-05-20T11:32:18.582347,O,None,True,2,2-4-8-5-3-0-7-6-1,9,None,MinimaxAgent,MinimaxAgent
2025-05-20T11:32:18.595985,X,None,True,0,0-4-1-2-6-3-5-8-7,9,None,MinimaxAgent,MinimaxAgent
2025-05-20T11:32:18.605872,X,X,False,3,3-5-6-1-2-0-8-4-7,9,row_3,MinimaxAgent,RandomAgent
2025-05-20T11:32:18.618960,X,None,True,5,5-2-4-3-7-1-0-8-6,9,None,MinimaxAgent,MinimaxAgent
2025-05-20T11:32:18.622263,O,X,False,2,2-4-0-1-6-3-8-7,8,col_2,MinimaxAgent,RandomAgent
2025-05-20T11:32:18.632395,O,O,False,2,2-0-6-7-4,5,diag_anti,RandomAgent,MinimaxAgent
2025-05-20T11:32:18.648932,X,None,True,2,2-4-6-5-3-0-8-7-1,9,None,MinimaxAgent,MinimaxAgent
2025-05-20T11:32:18.649637,O,O,False,7,7-5-3-1-6-8-4-0-2,9,diag_anti,RandomAgent,RandomAgent
2025-05-20T11:32:18.656805,O,X,False,5,5-8-7-4-1-0,6,diag_main,MinimaxAgent,RandomAgent
2025-05-20T11:32:18.666898,O,O,False,5,5-7-8-2-4-6-0,7,diag_main,RandomAgent,MinimaxAgent
2025-05-20T11:32:18.667099,X,X,False,5,5-7-8-2-3-6-0-1-4,9,row_2,RandomAgent,RandomAgent
2025-05-20T11:32:18.680207,O,None,True,5,5-2-1-4-6-7-3-0-8,9,None,MinimaxAgent,MinimaxAgent
2025-05-20T11:32:18.683699,X,O,False,6,6-4-0-3-1-5,6,row_2,RandomAgent,MinimaxAgent
2025-05-20T11:32:18.693906,O,O,False,2,2-3-4-0-6,5,diag_anti,RandomAgent,MinimaxAgent
2025-05-20T11:32:18.694165,O,O,False,8,8-4-7-0-5-1-6,7,row_3,RandomAgent,RandomAgent
2025-05-20T11:32:18.694214,O,O,False,5,5-4-8-3-6-0-2,7,col_3,RandomAgent,RandomAgent
2025-05-20T11:32:18.707249,O,None,True,8,8-4-5-2-6-7-1-3-0,9,None,MinimaxAgent,MinimaxAgent
2025-05-20T11:32:18.707431,O,O,False,3,3-1-8-6-7-2-4-5-0,9,diag_main,RandomAgent,RandomAgent
2025-05-20T11:32:18.720836,X,None,True,6,6-4-7-8-0-3-5-1-2,9,None,MinimaxAgent,MinimaxAgent
2025-05-20T11:32:18.724062,X,None,True,4,4-2-7-1-0-8-5-3-6,9,None,RandomAgent,MinimaxAgent
2025-05-20T11:32:18.734226,O,O,False,7,7-4-6-3-8,5,row_3,RandomAgent,MinimaxAgent
2025-05-20T11:32:18.734441,O,O,False,7,7-2-4-6-3-8-1,7,col_2,RandomAgent,RandomAgent
2025-05-20T11:32:18.748188,O,None,True,0,0-4-7-6-2-1-8-5-3,9,None,MinimaxAgent,MinimaxAgent
2025-05-20T11:32:18.762505,X,None,True,2,2-4-8-5-3-7-1-0-6,9,None,MinimaxAgent,MinimaxAgent
2025-05-20T11:32:18.772442,X,X,False,5,5-6-8-1-2,5,col_3,MinimaxAgent,RandomAgent
2025-05-20T11:32:18.786649,O,None,True,1,1-0-3-7-6-5-2-4-8,9,None,MinimaxAgent,MinimaxAgent
2025-05-20T11:32:18.797662,X,X,False,1,1-2-8-6-4-5-7,7,col_2,MinimaxAgent,RandomAgent
2025-05-20T11:32:18.808254,O,O,False,3,3-1-4-5-6-8-2,7,diag_anti,RandomAgent,MinimaxAgent
2025-05-20T11:32:18.821678,X,None,True,4,4-6-7-1-0-8-5-3-2,9,None,MinimaxAgent,MinimaxAgent
2025-05-20T11:32:18.834939,O,None,True,0,0-4-6-3-5-8-7-2-1,9,None,MinimaxAgent,MinimaxAgent
2025-05-20T11:32:18.845655,X,X,False,7,7-8-0-2-5-1-3-4-6,9,col_1,MinimaxAgent,RandomAgent
2025-05-20T11:32:18.849254,O,None,True,5,5-3-4-8-6-2-0-1-7,9,None,MinimaxAgent,RandomAgent
2025-05-20T11:32:18.859110,O,O,False,5,5-4-2-1-8,5,col_3,RandomAgent,MinimaxAgent
2025-05-20T11:32:18.862739,O,X,False,1,1-4-5-0-8-2-7-6,8,diag_anti,MinimaxAgent,RandomAgent
2025-05-20T11:32:18.872543,X,X,False,2,2-1-5-8-4-0-3,7,row_2,MinimaxAgent,RandomAgent
2025-05-20T11:32:18.876135,O,None,True,3,3-0-8-5-2-7-1-4-6,9,None,MinimaxAgent,RandomAgent
2025-05-20T11:32:18.876273,O,O,False,5,5-1-3-6-8-2-4,7,row_2,RandomAgent,RandomAgent
2025-05-20T11:32:18.876329,X,O,False,6,6-4-5-8-2-1-7-0,8,diag_main,RandomAgent,RandomAgent
2025-05-20T11:32:18.876393,O,O,False,0,0-5-7-3-2-1-4-6-8,9,diag_main,RandomAgent,RandomAgent
2025-05-20T11:32:18.889146,O,None,True,2,2-4-6-7-1-0-8-5-3,9,None,MinimaxAgent,MinimaxAgent
2025-05-20T11:32:18.889367,X,X,False,2,2-6-0-5-7-8-1,7,row_1,RandomAgent,RandomAgent
2025-05-20T11:32:18.892976,X,O,False,0,0-4-6-3-1-5,6,row_2,RandomAgent,MinimaxAgent
2025-05-20T11:32:18.902893,O,O,False,2,2-6-8-0-5,5,col_3,RandomAgent,MinimaxAgent
2025-05-20T11:32:18.906262,O,X,False,7,7-8-1-4-6-5-3-0,8,diag_main,MinimaxAgent,RandomAgent
2025-05-20T11:32:18.919405,X,None,True,7,7-1-2-6-8-5-4-0-3,9,None,MinimaxAgent,MinimaxAgent
2025-05-20T11:32:18.933860,O,None,True,1,1-4-0-2-6-3-5-8-7,9,None,MinimaxAgent,MinimaxAgent
2025-05-20T11:32:18.934111,O,O,False,7,7-8-4-5-1,5,col_2,RandomAgent,RandomAgent
2025-05-20T11:32:18.945192,O,O,False,3,3-5-7-1-6-8-2-4-0,9,col_1,RandomAgent,MinimaxAgent
2025-05-20T11:32:18.954919,X,X,False,7,7-2-8-5-1-0-4,7,col_2,MinimaxAgent,RandomAgent
2025-05-20T11:32:18.955078,O,X,False,0,0-2-7-4-5-6,6,diag_anti,RandomAgent,RandomAgent
2025-05-20T11:32:18.958445,O,X,False,6,6-4-2-3-0-5,6,row_2,MinimaxAgent,RandomAgent
2025-05-20T11:32:18.958676,X,X,False,1,1-7-6-8-3-4-5-2-0,9,col_1,RandomAgent,RandomAgent
2025-05-20T11:32:18.958761,X,O,False,0,0-5-6-8-1-2,6,col_3,RandomAgent,RandomAgent
2025-05-20T11:32:18.972410,X,None,True,3,3-6-2-4-7-1-5-8-0,9,None,MinimaxAgent,MinimaxAgent
2025-05-20T11:32:18.977117,X,None,True,6,6-4-0-3-5-2-7-8-1,9,None,RandomAgent,MinimaxAgent
2025-05-20T11:32:18.987307,O,O,False,4,4-8-6-5-2,5,diag_anti,RandomAgent,MinimaxAgent
2025-05-20T11:32:18.998256,X,X,False,3,3-0-1-7-6-8-4-5-2,9,diag_anti,MinimaxAgent,RandomAgent
2025-05-20T11:32:19.001578,X,O,False,6,6-4-7-8-1-0,6,diag_main,RandomAgent,MinimaxAgent
2025-05-20T11:32:19.015643,O,None,True,4,4-6-5-3-0-8-7-1-2,9,None,MinimaxAgent,MinimaxAgent
2025-05-20T11:32:19.019480,X,None,True,5,5-8-4-3-6-2-1-7-0,9,None,RandomAgent,MinimaxAgent
2025-05-20T11:32:19.033496,O,None,True,1,1-4-2-0-8-5-3-7-6,9,None,MinimaxAgent,MinimaxAgent
2025-05-20T11:32:19.044048,O,None,True,8,8-4-6-7-1-0-3-5-2,9,None,RandomAgent,MinimaxAgent
2025-05-20T11:32:19.044428,O,X,False,1,1-2-7-5-8-3-0-4,8,row_2,RandomAgent,RandomAgent
2025-05-20T11:32:19.047598,X,O,False,2,2-4-3-7-6-0-8-1,8,col_2,RandomAgent,MinimaxAgent
2025-05-20T11:32:19.051260,O,X,False,5,5-3-4-6-2-8-0-7,8,row_3,MinimaxAgent,RandomAgent
2025-05-20T11:32:19.054341,O,X,False,8,8-4-6-7-5-1,6,col_2,MinimaxAgent,RandomAgent
2025-05-20T11:32:19.064538,O,O,False,7,7-2-8-0-1-5-4,7,col_2,RandomAgent,MinimaxAgent
2025-05-20T11:32:19.068193,O,None,True,4,4-8-1-7-6-2-5-3-0,9,None,MinimaxAgent,RandomAgent
2025-05-20T11:32:19.068324,O,O,False,2,2-8-3-0-4-6-7-1-5,9,row_2,RandomAgent,RandomAgent
2025-05-20T11:32:19.071435,X,O,False,2,2-4-0-1-5-7,6,col_2,RandomAgent,MinimaxAgent
2025-05-20T11:32:19.074611,O,X,False,0,0-4-2-1-8-5-7-3,8,row_2,MinimaxAgent,RandomAgent
2025-05-20T11:32:19.087828,X,None,True,3,3-0-4-5-8-6-2-7-1,9,None,MinimaxAgent,MinimaxAgent
2025-05-20T11:32:19.101021,O,None,True,5,5-8-7-4-0-6-2-1-3,9,None,MinimaxAgent,MinimaxAgent
2025-05-20T11:32:19.101285,X,X,False,8,8-2-1-5-7-3-0-6-4,9,col_2,RandomAgent,RandomAgent
2025-05-20T11:32:19.114475,O,None,True,6,6-4-3-0-8-7-1-5-2,9,None,MinimaxAgent,MinimaxAgent
2025-05-20T11:32:19.118131,O,None,True,5,5-4-8-2-6-7-1-0-3,9,None,MinimaxAgent,RandomAgent
2025-05-20T11:32:19.131961,X,None,True,5,5-2-4-3-6-8-1-7-0,9,None,MinimaxAgent,MinimaxAgent
2025-05-20T11:32:19.135592,O,X,False,7,7-4-2-5-6-8-1-0,8,diag_main,MinimaxAgent,RandomAgent
2025-05-20T11:32:19.149043,O,None,True,5,5-2-0-3-6-4-7-8-1,9,None,MinimaxAgent,MinimaxAgent
2025-05-20T11:32:19.152577,O,X,False,8,8-4-3-7-2-1,6,col_2,MinimaxAgent,RandomAgent
2025-05-20T11:32:19.166353,X,None,True,3,3-4-2-1-7-8-0-6-5,9,None,MinimaxAgent,MinimaxAgent
2025-05-20T11:32:19.180678,O,None,True,4,4-2-3-5-8-0-1-7-6,9,None,MinimaxAgent,MinimaxAgent
2025-05-20T11:32:19.184332,X,None,True,3,3-4-0-6-2-1-7-8-5,9,None,RandomAgent,MinimaxAgent
2025-05-20T11:32:19.195534,X,X,False,7,7-5-8-6-4-3-0,7,diag_main,MinimaxAgent,RandomAgent
2025-05-20T11:32:19.208970,O,None,True,7,7-4-2-3-5-8-0-1-6,9,None,MinimaxAgent,MinimaxAgent
2025-05-20T11:32:19.219537,O,O,False,6,6-5-0-8-3,5,col_1,RandomAgent,MinimaxAgent
2025-05-20T11:32:19.219754,X,O,False,8,8-1-3-4-0-7,6,col_2,RandomAgent,RandomAgent
2025-05-20T11:32:19.222961,O,X,False,7,7-1-4-0-2-6-8-3,8,col_1,MinimaxAgent,RandomAgent
2025-05-20T11:32:19.226988,O,X,False,6,6-4-2-5-8-3,6,row_2,MinimaxAgent,RandomAgent
2025-05-20T11:32:19.230186,O,X,False,2,2-4-7-5-8-3,6,row_2,MinimaxAgent,RandomAgent
2025-05-20T11:32:19.233470,X,O,False,0,0-4-7-3-8-6-1-5,8,row_2,RandomAgent,MinimaxAgent
2025-05-20T11:32:19.236523,O,X,False,8,8-4-2-5-3-7-6-1,8,col_2,MinimaxAgent,RandomAgent
2025-05-20T11:32:19.247947,O,O,False,1,1-7-0-5-8-3-4,7,diag_main,RandomAgent,MinimaxAgent
2025-05-20T11:32:19.261948,X,None,True,7,7-8-4-1-0-6-3-5-2,9,None,MinimaxAgent,MinimaxAgent
2025-05-20T11:32:19.262286,O,O,False,7,7-8-6-4-3-1-2-5-0,9,col_1,RandomAgent,RandomAgent
2025-05-20T11:32:19.262360,O,O,False,3,3-7-2-5-6-0-4,7,diag_anti,RandomAgent,RandomAgent
2025-05-20T11:32:19.262411,O,O,False,3,3-6-7-8-5-1-0-2-4,9,row_2,RandomAgent,RandomAgent
2025-05-20T11:32:19.265537,O,X,False,3,3-6-8-4-7-2,6,diag_anti,MinimaxAgent,RandomAgent
2025-05-20T11:32:19.268646,O,None,True,1,1-4-3-0-8-5-2-6-7,9,None,MinimaxAgent,RandomAgent
2025-05-20T11:32:19.279087,O,O,False,7,7-0-6-5-1-2-4,7,col_2,RandomAgent,MinimaxAgent
2025-05-20T11:32:19.289119,O,O,False,4,4-7-2-6-8-0-5,7,col_3,RandomAgent,MinimaxAgent
2025-05-20T11:32:19.300205,O,O,False,6,6-8-0-7-3,5,col_1,RandomAgent,MinimaxAgent
2025-05-20T11:32:19.300417,O,O,False,1,1-6-0-4-2,5,row_1,RandomAgent,RandomAgent
2025-05-20T11:32:19.303478,O,X,False,3,3-4-1-2-6-0-5-8,8,diag_main,MinimaxAgent,RandomAgent
2025-05-20T11:32:19.303562,X,O,False,3,3-2-0-5-7-1-4-8,8,col_3,RandomAgent,RandomAgent
2025-05-20T11:32:19.306692,X,O,False,5,5-4-3-6-1-0-8-2,8,diag_anti,RandomAgent,MinimaxAgent
2025-05-20T11:32:19.317900,X,X,False,3,3-6-4-0-1-5-7,7,col_2,MinimaxAgent,RandomAgent
2025-05-20T11:32:19.329385,X,X,False,8,8-1-4-6-3-7-2-0-5,9,row_2,MinimaxAgent,RandomAgent
2025-05-20T11:32:19.343617,X,None,True,8,8-4-7-6-2-5-3-1-0,9,None,MinimaxAgent,MinimaxAgent
2025-05-20T11:32:19.356754,X,None,True,4,4-6-8-0-3-5-1-7-2,9,None,MinimaxAgent,MinimaxAgent
2025-05-20T11:32:19.367491,X,X,False,1,1-3-0-7-4-8-2,7,row_1,MinimaxAgent,RandomAgent
2025-05-20T11:32:19.377944,X,X,False,1,1-6-0-7-2,5,row_1,MinimaxAgent,RandomAgent
2025-05-20T11:32:19.387756,X,X,False,2,2-5-0-3-4-6-1,7,row_1,MinimaxAgent,RandomAgent
2025-05-20T11:32:19.401426,O,None,True,7,7-4-2-8-0-1-3-6-5,9,None,MinimaxAgent,MinimaxAgent
2025-05-20T11:32:19.404980,O,None,True,7,7-8-4-1-0-3-2-6-5,9,None,MinimaxAgent,RandomAgent
2025-05-20T11:32:19.415156,O,O,False,5,5-7-4-3-8-0-2,7,col_3,RandomAgent,MinimaxAgent
2025-05-20T11:32:19.418588,X,None,True,8,8-4-0-3-5-2-6-7-1,9,None,RandomAgent,MinimaxAgent
2025-05-20T11:32:19.421677,X,O,False,0,0-4-2-1-3-7,6,col_2,RandomAgent,MinimaxAgent
2025-05-20T11:32:19.435141,X,None,True,1,1-7-0-2-6-3-5-4-8,9,None,MinimaxAgent,MinimaxAgent
2025-05-20T11:32:19.438573,X,O,False,0,0-4-5-2-3-6,6,diag_anti,RandomAgent,MinimaxAgent
2025-05-20T11:32:19.451725,X,None,True,4,4-8-1-7-6-2-5-3-0,9,None,MinimaxAgent,MinimaxAgent
2025-05-20T11:32:19.466510,O,None,True,7,7-4-2-6-0-1-3-5-8,9,None,MinimaxAgent,MinimaxAgent
2025-05-20T11:32:19.480508,X,None,True,4,4-8-0-6-7-1-2-3-5,9,None,MinimaxAgent,MinimaxAgent
2025-05-20T11:32:19.484052,O,None,True,5,5-2-0-3-8-4-6-7-1,9,None,MinimaxAgent,RandomAgent
2025-05-20T11:32:19.495033,O,O,False,3,3-1-4-7-6-8-2,7,diag_anti,RandomAgent,MinimaxAgent
2025-05-20T11:32:19.495269,O,X,False,7,7-5-1-6-8-4-3-2,8,diag_anti,RandomAgent,RandomAgent
2025-05-20T11:32:19.495320,X,X,False,6,6-8-2-0-5-7-4,7,diag_anti,RandomAgent,RandomAgent
2025-05-20T11:32:19.498848,O,None,True,8,8-4-3-7-1-0-2-5-6,9,None,MinimaxAgent,RandomAgent
2025-05-20T11:32:19.498964,O,O,False,1,1-3-0-2-7-8-4,7,col_2,RandomAgent,RandomAgent
2025-05-20T11:32:19.512393,X,None,True,1,1-7-5-0-3-4-8-2-6,9,None,MinimaxAgent,MinimaxAgent
2025-05-20T11:32:19.515800,X,O,False,8,8-4-5-2-6-7-0-1,8,col_2,RandomAgent,MinimaxAgent
2025-05-20T11:32:19.519232,X,O,False,3,3-5-0-6-1-2-8-4,8,diag_anti,RandomAgent,MinimaxAgent
2025-05-20T11:32:19.519331,O,X,False,0,0-7-3-1-2-6-5-8,8,row_3,RandomAgent,RandomAgent
2025-05-20T11:32:19.529509,X,X,False,7,7-5-8-0-1-3-4,7,col_2,MinimaxAgent,RandomAgent
2025-05-20T11:32:19.529736,X,X,False,8,8-6-0-5-2-1-7-3-4,9,diag_main,RandomAgent,RandomAgent
2025-05-20T11:32:19.533178,O,X,False,8,8-4-3-6-0-2,6,diag_anti,MinimaxAgent,RandomAgent
2025-05-20T11:32:19.533306,O,X,False,0,0-6-5-7-8-4-3-2,8,diag_anti,RandomAgent,RandomAgent
2025-05-20T11:32:19.536551,X,O,False,4,4-2-7-1-6-0,6,row_1,RandomAgent,MinimaxAgent
2025-05-20T11:32:19.536663,X,O,False,6,6-2-7-4-1-3-0-5,8,row_2,RandomAgent,RandomAgent
2025-05-20T11:32:19.539653,O,X,False,6,6-4-5-7-8-1,6,col_2,MinimaxAgent,RandomAgent
2025-05-20T11:32:19.539746,O,X,False,5,5-0-7-1-8-2,6,row_1,RandomAgent,RandomAgent
2025-05-20T11:32:19.552949,O,None,True,6,6-4-5-1-7-8-0-3-2,9,None,MinimaxAgent,MinimaxAgent
2025-05-20T11:32:19.563508,O,O,False,5,5-7-8-1-4-2-0,7,diag_main,RandomAgent,MinimaxAgent
2025-05-20T11:32:19.567199,O,X,False,1,1-0-3-5-7-4-2-8,8,diag_main,MinimaxAgent,RandomAgent
2025-05-20T11:32:19.567301,O,X,False,3,3-5-7-6-0-2-1-8,8,col_3,RandomAgent,RandomAgent
2025-05-20T11:32:19.570546,O,None,True,3,3-5-4-6-1-7-8-0-2,9,None,MinimaxAgent,RandomAgent
2025-05-20T11:32:19.570655,O,O,False,2,2-5-4-7-8-1-6,7,diag_anti,RandomAgent,RandomAgent
2025-05-20T11:32:19.573915,O,X,False,7,7-8-6-5-1-4-2-3,8,row_2,MinimaxAgent,RandomAgent
2025-05-20T11:32:19.577999,O,None,True,4,4-0-5-3-6-2-1-7-8,9,None,MinimaxAgent,RandomAgent
2025-05-20T11:32:19.578167,X,O,False,7,7-2-8-5-1-4-3-6,8,diag_anti,RandomAgent,RandomAgent
2025-05-20T11:32:19.581319,O,X,False,5,5-8-7-4-2-0,6,diag_main,MinimaxAgent,RandomAgent
2025-05-20T11:32:19.596246,O,None,True,1,1-7-6-2-4-3-8-0-5,9,None,MinimaxAgent,MinimaxAgent
2025-05-20T11:32:19.599510,X,O,False,8,8-4-7-6-5-2,6,diag_anti,RandomAgent,MinimaxAgent
2025-05-20T11:32:19.602517,O,X,False,6,6-4-3-0-1-8,6,diag_main,MinimaxAgent,RandomAgent
2025-05-20T11:32:19.613795,O,O,False,8,8-7-2-4-5,5,col_3,RandomAgent,MinimaxAgent
2025-05-20T11:32:19.617222,X,None,True,1,1-7-8-2-6-3-5-4-0,9,None,RandomAgent,MinimaxAgent
2025-05-20T11:32:19.631785,O,None,True,5,5-2-0-4-6-3-7-8-1,9,None,MinimaxAgent,MinimaxAgent
2025-05-20T11:32:19.644972,X,None,True,2,2-4-8-5-3-6-1-0-7,9,None,MinimaxAgent,MinimaxAgent
2025-05-20T11:32:19.658130,X,None,True,7,7-8-4-1-3-5-2-6-0,9,None,MinimaxAgent,MinimaxAgent
2025-05-20T11:32:19.677262,X,None,True,1,1-2-5-7-6-0-4-3-8,9,None,MinimaxAgent,MinimaxAgent
2025-05-20T11:32:19.690103,X,None,True,8,8-4-5-2-6-7-1-0-3,9,None,MinimaxAgent,MinimaxAgent
2025-05-20T11:32:19.701314,O,O,False,8,8-0-6-3-4-7-2,7,diag_anti,RandomAgent,MinimaxAgent
2025-05-20T11:32:19.715274,X,None,True,2,2-4-3-0-8-5-1-6-7,9,None,MinimaxAgent,MinimaxAgent
2025-05-20T11:32:19.718652,O,None,True,8,8-4-1-2-6-7-3-0-5,9,None,MinimaxAgent,RandomAgent
2025-05-20T11:32:19.732766,O,None,True,7,7-1-4-2-0-8-5-3-6,9,None,MinimaxAgent,MinimaxAgent
2025-05-20T11:32:19.733080,O,X,False,1,1-4-3-6-5-2,6,diag_anti,RandomAgent,RandomAgent
2025-05-20T11:32:19.744801,O,O,False,3,3-8-6-1-2-7-4,7,diag_anti,RandomAgent,MinimaxAgent
2025-05-20T11:32:19.760567,X,None,True,2,2-4-8-5-3-7-1-0-6,9,None,MinimaxAgent,MinimaxAgent
2025-05-20T11:32:19.770893,O,O,False,0,0-2-6-1-5-4-3,7,col_1,RandomAgent,MinimaxAgent
2025-05-20T11:32:19.784414,X,None,True,6,6-4-2-3-5-8-0-1-7,9,None,MinimaxAgent,MinimaxAgent
2025-05-20T11:32:19.787637,X,O,False,8,8-4-2-5-6-7-1-3,8,row_2,RandomAgent,MinimaxAgent
2025-05-20T11:32:19.790616,X,None,True,8,8-4-7-6-2-5-3-1-0,9,None,RandomAgent,MinimaxAgent
2025-05-20T11:32:19.790699,X,None,True,8,8-5-0-1-7-4-3-6-2,9,None,RandomAgent,RandomAgent
2025-05-20T11:32:19.790733,X,X,False,4,4-2-3-5-8-6-1-0-7,9,col_2,RandomAgent,RandomAgent
2025-05-20T11:32:19.790776,O,X,False,5,5-1-3-2-7-4-8-6,8,diag_anti,RandomAgent,RandomAgent
2025-05-20T11:32:19.804140,O,None,True,0,0-4-1-2-6-3-5-7-8,9,None,MinimaxAgent,MinimaxAgent
2025-05-20T11:32:19.804372,O,O,False,1,1-2-0-5-4-6-7,7,col_2,RandomAgent,RandomAgent
2025-05-20T11:32:19.807843,O,None,True,1,1-2-5-3-6-4-8-7-0,9,None,MinimaxAgent,RandomAgent
2025-05-20T11:32:19.811416,O,X,False,6,6-4-3-0-1-8,6,diag_main,MinimaxAgent,RandomAgent
2025-05-20T11:32:19.824054,X,None,True,8,8-4-7-6-2-5-3-1-0,9,None,MinimaxAgent,MinimaxAgent
2025-05-20T11:32:19.838277,X,None,True,7,7-8-5-4-0-1-3-6-2,9,None,MinimaxAgent,MinimaxAgent
2025-05-20T11:32:19.849615,X,X,False,5,5-8-0-1-3-6-4,7,row_2,MinimaxAgent,RandomAgent
2025-05-20T11:32:19.852839,O,X,False,0,0-4-3-6-5-2,6,diag_anti,MinimaxAgent,RandomAgent
2025-05-20T11:32:19.855882,O,X,False,0,0-4-1-2-7-8-6-5,8,col_3,MinimaxAgent,RandomAgent
2025-05-20T11:32:19.860581,O,X,False,8,8-4-0-5-6-3,6,row_2,MinimaxAgent,RandomAgent
2025-05-20T11:32:19.860818,X,X,False,3,3-1-8-0-2-7-5,7,col_3,RandomAgent,RandomAgent
2025-05-20T11:32:19.873416,X,None,True,2,2-4-7-3-5-8-0-1-6,9,None,MinimaxAgent,MinimaxAgent
2025-05-20T11:32:19.887142,O,None,True,1,1-2-6-8-5-3-0-7-4,9,None,MinimaxAgent,MinimaxAgent
2025-05-20T11:32:19.897445,O,None,True,5,5-2-1-7-6-3-4-0-8,9,None,RandomAgent,MinimaxAgent
2025-05-20T11:32:19.907433,X,X,False,7,7-5-4-2-1,5,col_2,MinimaxAgent,RandomAgent
2025-05-20T11:32:19.907671,X,X,False,7,7-2-5-8-4-1-3,7,row_2,RandomAgent,RandomAgent
2025-05-20T11:32:19.907707,O,O,False,2,2-4-5-3-8,5,col_3,RandomAgent,RandomAgent
2025-05-20T11:32:19.917670,O,O,False,0,0-6-8-7-2-4-1,7,row_1,RandomAgent,MinimaxAgent
2025-05-20T11:32:19.928106,O,O,False,6,6-3-4-5-1-2-7,7,col_2,RandomAgent,MinimaxAgent
2025-05-20T11:32:19.938207,O,O,False,8,8-1-2-3-7-6-5,7,col_3,RandomAgent,MinimaxAgent
2025-05-20T11:32:19.938394,X,X,False,6,6-3-8-0-7,5,row_3,RandomAgent,RandomAgent
2025-05-20T11:32:19.938617,O,O,False,5,5-4-3-0-8-7-2,7,col_3,RandomAgent,RandomAgent
2025-05-20T11:32:19.949077,X,X,False,4,4-7-8-3-5-1-2,7,col_3,MinimaxAgent,RandomAgent
2025-05-20T11:32:19.949314,X,None,True,2,2-8-7-6-4-3-0-1-5,9,None,RandomAgent,RandomAgent
2025-05-20T11:32:19.952666,O,X,False,6,6-4-0-3-8-5,6,row_2,MinimaxAgent,RandomAgent
2025-05-20T11:32:19.963768,O,O,False,8,8-0-6-3-7,5,row_3,RandomAgent,MinimaxAgent
2025-05-20T11:32:19.967279,X,O,False,7,7-6-3-5-1-4-8-2,8,diag_anti,RandomAgent,MinimaxAgent
2025-05-20T11:32:19.981493,X,None,True,1,1-2-5-3-4-7-6-8-0,9,None,MinimaxAgent,MinimaxAgent
2025-05-20T11:32:19.991434,O,O,False,0,0-8-2-7-6-3-1,7,row_1,RandomAgent,MinimaxAgent
2025-05-20T11:32:20.005279,O,None,True,2,2-4-5-8-0-1-7-6-3,9,None,MinimaxAgent,MinimaxAgent
2025-05-20T11:32:20.016440,O,O,False,3,3-4-7-8-0-2-6,7,col_1,RandomAgent,MinimaxAgent
2025-05-20T11:32:20.027517,O,O,False,4,4-3-0-8-1-6-2,7,row_1,RandomAgent,MinimaxAgent
2025-05-20T11:32:20.040188,O,None,True,6,6-4-3-0-8-7-1-5-2,9,None,MinimaxAgent,MinimaxAgent
2025-05-20T11:32:20.053489,O,None,True,5,5-8-6-3-2-4-0-1-7,9,None,MinimaxAgent,MinimaxAgent
2025-05-20T11:32:20.066657,X,None,True,0,0-4-3-6-2-1-7-8-5,9,None,MinimaxAgent,MinimaxAgent
2025-05-20T11:32:20.070269,X,O,False,5,5-8-6-4-3-0,6,diag_main,RandomAgent,MinimaxAgent
2025-05-20T11:32:20.080341,X,X,False,4,4-5-0-7-6-2-3,7,col_1,MinimaxAgent,RandomAgent
2025-05-20T11:32:20.080629,X,X,False,7,7-4-1-8-2-3-0,7,row_1,RandomAgent,RandomAgent
2025-05-20T11:32:20.090447,X,None,True,1,1-0-3-5-8-7-2-6-4,9,None,MinimaxAgent,RandomAgent
2025-05-20T11:32:20.103892,O,None,True,4,4-2-3-5-8-0-1-7-6,9,None,MinimaxAgent,MinimaxAgent
2025-05-20T11:32:20.114739,O,O,False,3,3-1-0-8-5-6-4,7,row_2,RandomAgent,MinimaxAgent
2025-05-20T11:32:20.114966,X,None,True,4,4-6-2-1-0-8-5-3-7,9,None,RandomAgent,RandomAgent
2025-05-20T11:32:20.115009,O,None,True,1,1-0-8-7-4-5-6-2-3,9,None,RandomAgent,RandomAgent
2025-05-20T11:32:20.118100,O,None,True,8,8-4-3-0-7-6-2-5-1,9,None,MinimaxAgent,RandomAgent
2025-05-20T11:32:20.132465,O,None,True,1,1-4-0-2-6-3-5-7-8,9,None,MinimaxAgent,MinimaxAgent
2025-05-20T11:32:20.144150,X,X,False,1,1-3-0-8-4-2-7,7,col_2,MinimaxAgent,RandomAgent
2025-05-20T11:32:20.144675,O,O,False,2,2-8-7-4-1-5-0,7,row_1,RandomAgent,RandomAgent
2025-05-20T11:32:20.154513,X,X,False,6,6-1-4-5-3-7-8-2-0,9,col_1,MinimaxAgent,RandomAgent
2025-05-20T11:32:20.168454,O,None,True,7,7-4-5-8-0-3-6-2-1,9,None,MinimaxAgent,MinimaxAgent
2025-05-20T11:32:20.182907,O,None,True,5,5-8-6-4-0-3-1-2-7,9,None,MinimaxAgent,MinimaxAgent
2025-05-20T11:32:20.193544,X,X,False,8,8-2-7-6-4-3-1,7,col_2,MinimaxAgent,RandomAgent
2025-05-20T11:32:20.206867,O,None,True,5,5-4-6-1-7-8-0-3-2,9,None,MinimaxAgent,MinimaxAgent
2025-05-20T11:32:20.207085,X,X,False,7,7-2-6-0-3-5-8,7,row_3,RandomAgent,RandomAgent
